단축코드,한글 종목명,한글 종목약명,시장구분
98120,(주)마이크로컨텍솔루션,마이크로컨텍솔,KOSDAQ
131100,(주)스카이이앤엠,스카이이앤엠,KOSDAQ
9520,(주)포스코엠텍,포스코엠텍,KOSDAQ
95570,AJ네트웍스보통주,AJ네트웍스,KOSPI
6840,AK홀딩스보통주,AK홀딩스,KOSPI
282330,BGF리테일보통주,BGF리테일,KOSPI
27410,BGF보통주,BGF,KOSPI
138930,BNK금융지주보통주,BNK금융지주,KOSPI
1465,BYC1우선주,BYC우,KOSPI
1460,BYC보통주,BYC,KOSPI
1045,CJ1우선주,CJ우,KOSPI
00104K,CJ4우선주(전환),CJ4우(전환),KOSPI
1040,CJ보통주,CJ,KOSPI
11155,CJ씨푸드1우선주,CJ씨푸드1우,KOSPI
11150,CJ씨푸드보통주,CJ씨푸드,KOSPI
58820,CMG제약,CMG제약,KOSDAQ
590,CS홀딩스보통주,CS홀딩스,KOSPI
12030,DB Inc.보통주,DB,KOSPI
16610,DB금융투자보통주,DB금융투자,KOSPI
5830,DB손해보험보통주,DB손해보험,KOSPI
995,DB하이텍1우선주,DB하이텍1우,KOSPI
990,DB하이텍보통주,DB하이텍,KOSPI
139130,DGB금융지주보통주,DGB금융지주,KOSPI
1530,DI동일보통주,DI동일,KOSPI
215,DL1우선주,DL우,KOSPI
1880,DL건설보통주,DL건설,KOSPI
210,DL보통주,DL,KOSPI
37550K,DL이앤씨1우선주,DL이앤씨우,KOSPI
37550L,DL이앤씨2우선주(전환),DL이앤씨2우(전환),KOSPI
375500,DL이앤씨보통주,DL이앤씨,KOSPI
155660,DSR보통주,DSR,KOSPI
69730,DSR제강보통주,DSR제강,KOSPI
17940,E1보통주,E1,KOSPI
365550,ESR켄달스퀘어리츠보통주,ESR켄달스퀘어리츠,KOSPI
50120,ES큐브,ES큐브,KOSDAQ
383220,F&F보통주,F&F,KOSPI
7700,F&F홀딩스,F&F홀딩스,KOSPI
78935,GS1우선주,GS우,KOSPI
6360,GS건설보통주,GS건설,KOSPI
78930,GS보통주,GS,KOSPI
12630,HDC보통주,HDC,KOSPI
294870,HDC현대산업개발보통주,HDC현대산업개발,KOSPI
97230,HJ중공업보통주,HJ중공업,KOSPI
343090,HLB사이언스,HLB사이언스,KONEX
3560,IHQ보통주,IHQ,KOSPI
175330,JB금융지주보통주,JB금융지주,KOSPI
234080,JW생명과학보통주,JW생명과학,KOSPI
1065,JW중외제약1우선주,JW중외제약우,KOSPI
1067,JW중외제약2우선주(신형),JW중외제약2우B,KOSPI
1060,JW중외제약보통주,JW중외제약,KOSPI
96760,JW홀딩스 보통주,JW홀딩스,KOSPI
105560,KB금융지주 보통주,KB금융,KOSPI
24120,KB오토시스,KB오토시스,KOSDAQ
9070,KCTC 보통주,KCTC,KOSPI
44180,KD,KD,KOSDAQ
16385,KG스틸1우선주,KG스틸우,KOSPI
16380,KG스틸보통주,KG스틸,KOSPI
1390,KG케미칼보통주,KG케미칼,KOSPI
33180,KH 필룩스보통주,KH 필룩스,KOSPI
1940,KISCO홀딩스보통주,KISCO홀딩스,KOSPI
25000,KPX케미칼보통주,KPX케미칼,KOSPI
92230,KPX홀딩스보통주,KPX홀딩스,KOSPI
40,KR모터스보통주,KR모터스,KOSPI
93050,LF보통주,LF,KOSPI
3555,LG1우선주,LG우,KOSPI
34220,LG디스플레이보통주,LG디스플레이,KOSPI
3550,LG보통주,LG,KOSPI
51905,LG생활건강1우선주,LG생활건강우,KOSPI
51900,LG생활건강보통주,LG생활건강,KOSPI
373220,LG에너지솔루션보통주,LG에너지솔루션,KOSPI
32640,LG유플러스보통주,LG유플러스,KOSPI
11070,LG이노텍보통주,LG이노텍,KOSPI
66575,LG전자1우선주,LG전자우,KOSPI
66570,LG전자보통주,LG전자,KOSPI
51915,LG화학1우선주,LG화학우,KOSPI
51910,LG화학보통주,LG화학,KOSPI
79550,LIG넥스원보통주,LIG넥스원,KOSPI
10120,LS ELECTRIC보통주,LS ELECTRIC,KOSPI
680,LS네트웍스보통주,LS네트웍스,KOSPI
6260,LS보통주,LS,KOSPI
1120,LX인터내셔널보통주,LX인터내셔널,KOSPI
23150,MH에탄올보통주,MH에탄올,KOSPI
35420,NAVER보통주,NAVER,KOSPI
181710,NHN보통주,NHN,KOSPI
338100,NH프라임리츠보통주,NH프라임리츠,KOSPI
34310,NICE보통주,NICE,KOSPI
8260,NI스틸보통주,NI스틸,KOSPI
4255,NPC1우선주,NPC우,KOSPI
4250,NPC보통주,NPC,KOSPI
10060,OCI보통주,OCI,KOSPI
10955,S-Oil1우선주,S-Oil우,KOSPI
10950,S-Oil보통주,S-Oil,KOSPI
950110,SBI핀테크솔루션즈,SBI핀테크솔루션즈,KOSDAQ
5090,SGC에너지보통주,SGC에너지,KOSPI
1380,SG글로벌보통주,SG글로벌,KOSPI
1770,SHD보통주,SHD,KOSPI
2360,SH에너지화학보통주,SH에너지화학,KOSPI
9160,SIMPAC보통주,SIMPAC,KOSPI
123700,SJM보통주,SJM,KOSPI
25530,SJM홀딩스보통주,SJM홀딩스,KOSPI
03473K,SK1우선주,SK우,KOSPI
11790,SKC보통주,SKC,KOSPI
18670,SK가스보통주,SK가스,KOSPI
1745,SK네트웍스1우선주,SK네트웍스우,KOSPI
1740,SK네트웍스보통주,SK네트웍스,KOSPI
210980,SK디앤디보통주,SK디앤디,KOSPI
395400,SK리츠보통주,SK리츠,KOSPI
34730,SK보통주,SK,KOSPI
402340,SK스퀘어보통주,SK스퀘어,KOSPI
260870,SK시그넷,SK시그넷,KONEX
361610,SK아이이테크놀로지보통주,SK아이이테크놀로지,KOSPI
96775,SK이노베이션 1우선주,SK이노베이션우,KOSPI
96770,SK이노베이션 보통주,SK이노베이션,KOSPI
1515,SK증권1우선주,SK증권우,KOSPI
1510,SK증권보통주,SK증권,KOSPI
28513K,SK케미칼1우선주,SK케미칼우,KOSPI
285130,SK케미칼보통주,SK케미칼,KOSPI
17670,SK텔레콤보통주,SK텔레콤,KOSPI
64960,SNT모티브보통주,SNT모티브,KOSPI
100840,SNT에너지보통주,SNT에너지,KOSPI
3570,SNT중공업보통주,SNT중공업,KOSPI
36530,SNT홀딩스보통주,SNT홀딩스,KOSPI
5610,SPC삼립보통주,SPC삼립,KOSPI
11810,STX보통주,STX,KOSPI
77970,STX엔진보통주,STX엔진,KOSPI
71970,STX중공업보통주,STX중공업,KOSPI
84870,TBH글로벌보통주,TBH글로벌,KOSPI
2710,TCC스틸보통주,TCC스틸,KOSPI
24070,WISCOM보통주,WISCOM,KOSPI
79940,가비아,가비아,KOSDAQ
78890,가온미디어,가온미디어,KOSDAQ
500,가온전선보통주,가온전선,KOSPI
399720,가온칩스,가온칩스,KOSDAQ
36620,감성코퍼레이션,감성코퍼레이션,KOSDAQ
860,강남제비스코보통주,강남제비스코,KOSPI
217730,강스템바이오텍,강스템바이오텍,KOSDAQ
35250,강원랜드보통주,강원랜드,KOSPI
114190,강원에너지,강원에너지,KOSDAQ
94480,갤럭시아머니트리,갤럭시아머니트리,KOSDAQ
11420,갤럭시아에스엠보통주,갤럭시아에스엠,KOSPI
39240,경남스틸,경남스틸,KOSDAQ
53950,경남제약,경남제약,KOSDAQ
2100,경농보통주,경농,KOSPI
9450,경동나비엔보통주,경동나비엔,KOSPI
267290,경동도시가스보통주,경동도시가스,KOSPI
12320,경동인베스트보통주,경동인베스트,KOSPI
11040,경동제약,경동제약,KOSDAQ
50,경방보통주,경방,KOSPI
214390,경보제약보통주,경보제약,KOSPI
12610,경인양행보통주,경인양행,KOSPI
9140,경인전자보통주,경인전자,KOSPI
24910,경창산업,경창산업,KOSDAQ
13580,계룡건설산업보통주,계룡건설,KOSPI
12205,계양전기1우선주,계양전기우,KOSPI
12200,계양전기보통주,계양전기,KOSPI
2140,고려산업보통주,고려산업,KOSPI
198440,고려시멘트,고려시멘트,KOSDAQ
49720,고려신용정보,고려신용정보,KOSDAQ
10130,고려아연보통주,고려아연,KOSPI
2240,고려제강보통주,고려제강,KOSPI
14570,고려제약,고려제약,KOSDAQ
348150,고바이오랩,고바이오랩,KOSDAQ
98460,고영테크놀러지,고영,KOSDAQ
35290,골드앤에스,골드앤에스,KOSDAQ
38530,골드퍼시픽,골드퍼시픽,KOSDAQ
215000,골프존,골프존,KOSDAQ
121440,골프존뉴딘홀딩스,골프존뉴딘홀딩스,KOSDAQ
183410,골프존데카,골프존데카,KONEX
366030,공구우먼,공구우먼,KOSDAQ
76340,관악산업,관악산업,KONEX
9290,광동제약보통주,광동제약,KOSPI
14200,광림,광림,KOSDAQ
17040,광명전기보통주,광명전기,KOSPI
29480,광무,광무,KOSDAQ
17900,광전자보통주,광전자,KOSPI
37710,광주신세계보통주,광주신세계,KOSPI
26910,광진실업,광진실업,KOSDAQ
355150,교보10호기업인수목적,교보10호스팩,KOSDAQ
397880,교보11호기업인수목적,교보11호스팩,KOSDAQ
421800,교보12호기업인수목적,교보12호스팩,KOSDAQ
331520,교보9호기업인수목적,교보9호스팩,KOSDAQ
30610,교보증권보통주,교보증권,KOSPI
339770,교촌에프앤비보통주,교촌에프앤비,KOSPI
53270,구영테크,구영테크,KOSDAQ
7690,국도화학보통주,국도화학,KOSPI
5320,국동보통주,국동,KOSPI
66620,국보디자인,국보디자인,KOSDAQ
1140,국보보통주,국보,KOSPI
43650,국순당,국순당,KOSDAQ
6050,국영지앤엠,국영지앤엠,KOSDAQ
60480,국일신동,국일신동,KOSDAQ
78130,국일제지,국일제지,KOSDAQ
307750,국전약품,국전약품,KOSDAQ
2720,국제약품보통주,국제약품,KOSPI
243870,굿센,굿센,KONEX
35080,그래디언트,그래디언트,KOSDAQ
114090,그랜드코리아레저보통주,GKL,KOSPI
900290,그레이트리치과기유한공사,GRT,KOSDAQ
204020,그리티,그리티,KOSDAQ
83420,그린케미칼보통주,그린케미칼,KOSPI
186230,그린플러스,그린플러스,KOSDAQ
14530,극동유화보통주,극동유화,KOSPI
83450,글로벌스탠다드테크놀로지,GST,KOSDAQ
900070,글로벌에스엠테크리미티드,글로벌에스엠,KOSDAQ
204620,글로벌텍스프리,글로벌텍스프리,KOSDAQ
19660,글로본,글로본,KOSDAQ
14285,금강공업1우선주,금강공업우,KOSPI
14280,금강공업보통주,금강공업,KOSPI
53260,금강철강,금강철강,KOSDAQ
8870,금비보통주,금비,KOSPI
1570,금양보통주,금양,KOSPI
2995,금호건설1우선주,금호건설우,KOSPI
2990,금호건설보통주,금호건설,KOSPI
11785,금호석유화학1우선주,금호석유우,KOSPI
11780,금호석유화학보통주,금호석유,KOSPI
214330,금호에이치티보통주,금호에이치티,KOSPI
1210,금호전기보통주,금호전기,KOSPI
73240,금호타이어보통주,금호타이어,KOSPI
36190,금화피에스시,금화피에스시,KOSDAQ
49080,기가레인,기가레인,KOSDAQ
35460,기산텔레콤,기산텔레콤,KOSDAQ
92440,기신정기 보통주,기신정기,KOSPI
270,기아보통주,기아,KOSPI
13700,까뮤이앤씨보통주,까뮤이앤씨,KOSPI
308100,까스텔바작,까스텔바작,KOSDAQ
4545,깨끗한나라1우선주,깨끗한나라우,KOSPI
4540,깨끗한나라보통주,깨끗한나라,KOSPI
187790,나노,나노,KOSDAQ
286750,나노브릭,나노브릭,KOSDAQ
121600,나노신소재,나노신소재,KOSDAQ
247660,나노씨엠에스,나노씨엠에스,KOSDAQ
39860,나노엔텍,나노엔텍,KOSDAQ
91970,나노캠텍,나노캠텍,KOSDAQ
244880,나눔테크,나눔테크,KONEX
288490,나라소프트,나라소프트,KONEX
51490,나라엠앤디,나라엠앤디,KOSDAQ
137080,나래나노텍,나래나노텍,KOSDAQ
190510,나무가,나무가,KOSDAQ
242040,나무기술,나무기술,KOSDAQ
89600,나스미디어,나스미디어,KOSDAQ
293580,나우아이비캐피탈,나우IB,KOSDAQ
257990,나우코스,나우코스,KONEX
138610,나이벡,나이벡,KOSDAQ
130580,나이스디앤비,나이스디앤비,KOSDAQ
36800,나이스정보통신,나이스정보통신,KOSDAQ
30190,나이스평가정보,NICE평가정보,KOSDAQ
267320,나인테크,나인테크,KOSDAQ
1260,남광토건보통주,남광토건,KOSPI
8355,남선알미늄1우선주,남선알미우,KOSPI
8350,남선알미늄보통주,남선알미늄,KOSPI
4270,남성보통주,남성,KOSPI
3925,남양유업1우선주,남양유업우,KOSPI
3920,남양유업보통주,남양유업,KOSPI
25860,남해화학보통주,남해화학,KOSPI
111710,남화산업,남화산업,KOSDAQ
91590,남화토건,남화토건,KOSDAQ
168330,내츄럴엔도텍,내츄럴엔도텍,KOSDAQ
94860,네오리진,네오리진,KOSDAQ
253590,네오셈,네오셈,KOSDAQ
212560,네오오토,네오오토,KOSDAQ
95660,네오위즈,네오위즈,KOSDAQ
42420,네오위즈홀딩스,네오위즈홀딩스,KOSDAQ
950220,네오이뮨텍,네오이뮨텍,KOSDAQ
311390,네오크레마,네오크레마,KOSDAQ
85910,네오티스,네오티스,KOSDAQ
92730,네오팜,네오팜,KOSDAQ
290660,네오펙트,네오펙트,KOSDAQ
306620,네온테크,네온테크,KOSDAQ
153460,네이블커뮤니케이션즈,네이블,KOSDAQ
7390,네이처셀,네이처셀,KOSDAQ
33640,네패스,네패스,KOSDAQ
330860,네패스아크,네패스아크,KOSDAQ
5725,넥센1우선주,넥센우,KOSPI
5720,넥센보통주,넥센,KOSPI
2355,넥센타이어1우선주(신형),넥센타이어1우B,KOSPI
2350,넥센타이어보통주,넥센타이어,KOSPI
89140,넥스턴바이오사이언스,넥스턴바이오,KOSDAQ
137940,넥스트아이,넥스트아이,KOSDAQ
160550,넥스트엔터테인먼트월드,NEW,KOSDAQ
348210,넥스틴,넥스틴,KOSDAQ
225570,넥슨게임즈,넥슨게임즈,KOSDAQ
217270,넵튠,넵튠,KOSDAQ
251270,넷마블보통주,넷마블,KOSPI
317860,노드메이슨,노드메이슨,KONEX
104620,노랑풍선,노랑풍선,KOSDAQ
90355,노루페인트 1우선주,노루페인트우,KOSPI
90350,노루페인트 보통주,노루페인트,KOSPI
325,노루홀딩스1우선주,노루홀딩스우,KOSPI
320,노루홀딩스보통주,노루홀딩스,KOSPI
194700,노바렉스,노바렉스,KOSDAQ
285490,노바텍,노바텍,KOSDAQ
229500,노브메타파마,노브메타파마,KONEX
106520,노블엠앤비,노블엠앤비,KOSDAQ
376930,노을,노을,KOSDAQ
278650,노터스,노터스,KOSDAQ
6280,녹십자보통주,녹십자,KOSPI
142280,녹십자엠에스,녹십자엠에스,KOSDAQ
234690,녹십자웰빙,녹십자웰빙,KOSDAQ
5257,녹십자홀딩스2우선주(신형),녹십자홀딩스2우,KOSPI
5250,녹십자홀딩스보통주,녹십자홀딩스,KOSPI
65560,녹원씨엔아이,녹원씨엔아이,KOSDAQ
4370,농심보통주,농심,KOSPI
72710,농심홀딩스보통주,농심홀딩스,KOSPI
154030,농업회사법인 아시아종묘,아시아종묘,KOSDAQ
54050,농업회사법인농우바이오,농우바이오,KOSDAQ
69140,누리플랜,누리플랜,KOSDAQ
40160,누리플렉스,누리플렉스,KOSDAQ
332290,누보,누보,KOSDAQ
126870,뉴로스,뉴로스,KOSDAQ
60260,뉴보텍,뉴보텍,KOSDAQ
12340,뉴인텍,뉴인텍,KOSDAQ
214870,뉴지랩파마,뉴지랩파마,KOSDAQ
270870,뉴트리,뉴트리,KOSDAQ
144960,뉴파워프라즈마,뉴파워프라즈마,KOSDAQ
85670,뉴프렉스,뉴프렉스,KOSDAQ
119860,다나와,다나와,KOSDAQ
64260,다날,다날,KOSDAQ
93640,다믈멀티미디어,다믈멀티미디어,KOSDAQ
340360,다보링크,다보링크,KOSDAQ
39560,다산네트웍스,다산네트웍스,KOSDAQ
58730,다스코보통주,다스코,KOSPI
298870,다올인베스트먼트,다올인베스트먼트,KOSDAQ
30210,다올투자증권보통주,다올투자증권,KOSPI
23590,다우기술보통주,다우기술,KOSPI
32190,다우데이타,다우데이타,KOSDAQ
323350,다원넥스뷰,다원넥스뷰,KONEX
68240,다원시스,다원시스,KOSDAQ
145210,다이나믹디자인보통주,다이나믹디자인,KOSPI
271850,다이오진,다이오진,KONEX
19680,대교보통주,대교,KOSPI
19685,대교우선주(신형),대교우B,KOSPI
6370,대구백화점보통주,대구백화점,KOSPI
00806K,대덕1우선주,대덕1우,KOSPI
8060,대덕보통주,대덕,KOSPI
353200,대덕전자보통주,대덕전자,KOSPI
35320K,대덕전자우선주,대덕전자1우,KOSPI
178600,대동고려삼 주식회사,대동고려삼,KONEX
20400,대동금속,대동금속,KOSDAQ
8830,대동기어,대동기어,KOSDAQ
490,대동보통주,대동,KOSPI
48470,대동스틸,대동스틸,KOSDAQ
8110,대동전자보통주,대동전자,KOSPI
4780,대륙제관,대륙제관,KOSDAQ
5750,대림B&Co보통주,대림B&Co,KOSPI
17650,대림제지,대림제지,KOSDAQ
6570,대림통상보통주,대림통상,KOSPI
7720,대명소노시즌,대명소노시즌,KOSDAQ
389260,대명에너지,대명에너지,KOSDAQ
317850,대모엔지니어링,대모,KOSDAQ
290670,대보마그네틱,대보마그네틱,KOSDAQ
78140,대봉엘에스,대봉엘에스,KOSDAQ
1685,대상1우선주,대상우,KOSPI
1680,대상보통주,대상,KOSPI
84695,대상홀딩스 1우선주,대상홀딩스우,KOSPI
84690,대상홀딩스 보통주,대상홀딩스,KOSPI
36480,대성미생물연구소,대성미생물,KOSDAQ
128820,대성산업보통주,대성산업,KOSPI
117580,대성에너지보통주,대성에너지,KOSPI
25440,대성엘텍,대성엘텍,KOSDAQ
27830,대성창업투자,대성창투,KOSDAQ
104040,대성파인텍,대성파인텍,KOSDAQ
16710,대성홀딩스보통주,대성홀딩스,KOSPI
387310,대신밸런스제10호기업인수목적,대신밸런스제10호스팩,KOSDAQ
397500,대신밸런스제11호기업인수목적,대신밸런스제11호스팩,KOSDAQ
336570,대신밸런스제8호기업인수목적,대신밸런스제8호스팩,KOSDAQ
20180,대신정보통신,대신정보통신,KOSDAQ
3545,대신증권1우선주,대신증권우,KOSPI
3547,대신증권2우선주(신형),대신증권2우B,KOSPI
3540,대신증권보통주,대신증권,KOSPI
45390,대아티아이,대아티아이,KOSDAQ
9190,대양금속보통주,대양금속,KOSPI
108380,대양전기공업,대양전기공업,KOSDAQ
6580,대양제지공업,대양제지,KOSDAQ
14160,대영포장보통주,대영포장,KOSPI
47040,대우건설보통주,대우건설,KOSPI
9320,대우전자부품보통주,대우부품,KOSPI
42660,대우조선해양보통주,대우조선해양,KOSPI
3090,대웅보통주,대웅,KOSPI
69620,대웅제약보통주,대웅제약,KOSPI
7680,대원,대원,KOSDAQ
430,대원강업보통주,대원강업,KOSPI
48910,대원미디어,대원미디어,KOSDAQ
5710,대원산업,대원산업,KOSDAQ
6345,대원전선1우선주,대원전선우,KOSPI
6340,대원전선보통주,대원전선,KOSPI
3220,대원제약보통주,대원제약,KOSPI
24890,대원화성보통주,대원화성,KOSPI
290380,대유,대유,KOSDAQ
2880,대유에이텍,대유에이텍,KOSPI
290120,대유에이피,대유에이피,KOSDAQ
300,대유플러스보통주,대유플러스,KOSPI
120240,대정화금,대정화금,KOSDAQ
3310,대주산업,대주산업,KOSDAQ
114920,대주이엔티 주식회사,대주이엔티,KONEX
78600,대주전자재료,대주전자재료,KOSDAQ
15230,대창단조보통주,대창단조,KOSPI
12800,대창보통주,대창,KOSPI
96350,대창솔루션,대창솔루션,KOSDAQ
140520,대창스틸,대창스틸,KOSDAQ
131220,대한과학,대한과학,KOSDAQ
10170,대한광통신,대한광통신,KOSDAQ
60900,대한그린파워,대한그린파워,KOSDAQ
54670,대한뉴팜,대한뉴팜,KOSDAQ
1070,대한방직보통주,대한방직,KOSPI
23910,대한약품공업,대한약품,KOSDAQ
6650,대한유화보통주,대한유화,KOSPI
1440,대한전선보통주,대한전선,KOSPI
84010,대한제강 보통주,대한제강,KOSPI
1795,대한제당1우선주,대한제당우,KOSPI
1790,대한제당보통주,대한제당,KOSPI
1130,대한제분보통주,대한제분,KOSPI
3495,대한항공1우선주,대한항공우,KOSPI
3490,대한항공보통주,대한항공,KOSPI
5880,대한해운보통주,대한해운,KOSPI
3830,대한화섬보통주,대한화섬,KOSPI
16090,대현보통주,대현,KOSPI
69460,대호에이엘보통주,대호에이엘,KOSPI
21040,대호특수강,대호특수강,KOSDAQ
21045,대호특수강1우선주,대호특수강우,KOSDAQ
67080,대화제약,대화제약,KOSDAQ
161570,더 미동,THE MIDONG,KOSDAQ
298540,더네이쳐홀딩스,더네이쳐홀딩스,KOSDAQ
192080,더블유게임즈보통주,더블유게임즈,KOSPI
73570,더블유아이,WI,KOSDAQ
299170,더블유에스아이,더블유에스아이,KOSDAQ
192410,더에이치큐,THQ,KOSDAQ
89230,더이앤엠,THE E&M,KOSDAQ
12510,더존비즈온보통주,더존비즈온,KOSPI
302920,더콘텐츠온,더콘텐츠온,KONEX
213420,덕산네오룩스,덕산네오룩스,KOSDAQ
317330,덕산테코피아,덕산테코피아,KOSDAQ
77360,덕산하이메탈,덕산하이메탈,KOSDAQ
4835,덕성1우선주,덕성우,KOSPI
4830,덕성보통주,덕성,KOSPI
90410,덕신하우징,덕신하우징,KOSDAQ
24900,덕양산업보통주,덕양산업,KOSPI
263600,덕우전자,덕우전자,KOSDAQ
194480,데브시스터즈,데브시스터즈,KOSDAQ
348840,데이드림엔터테인먼트,데이드림엔터,KONEX
263800,데이타솔루션,데이타솔루션,KOSDAQ
199150,데이터스트림즈,데이터스트림즈,KONEX
206560,덱스터스튜디오,덱스터,KOSDAQ
261200,덴티스,덴티스,KOSDAQ
145720,덴티움보통주,덴티움,KOSPI
227420,도부마스크,도부마스크,KONEX
67990,도이치모터스,도이치모터스,KOSDAQ
2150,도화엔지니어링보통주,도화엔지니어링,KOSPI
6620,동구바이오제약,동구바이오제약,KOSDAQ
5160,동국산업,동국산업,KOSDAQ
75970,동국알앤에스,동국알앤에스,KOSDAQ
100130,동국에스엔씨,동국S&C,KOSDAQ
1230,동국제강보통주,동국제강,KOSPI
86450,동국제약,동국제약,KOSDAQ
4140,동방보통주,동방,KOSPI
99410,동방선기,동방선기,KOSDAQ
7590,동방아그로보통주,동방아그로,KOSPI
5965,동부건설1우선주,동부건설우,KOSPI
5960,동부건설보통주,동부건설,KOSPI
26960,동서보통주,동서,KOSPI
2210,동성제약보통주,동성제약,KOSPI
102260,동성케미컬보통주,동성케미컬,KOSPI
33500,동성화인텍,동성화인텍,KOSDAQ
25950,동신건설,동신건설,KOSDAQ
640,동아쏘시오홀딩스보통주,동아쏘시오홀딩스,KOSPI
170900,동아에스티보통주,동아에스티,KOSPI
88130,동아엘텍,동아엘텍,KOSDAQ
28100,동아지질보통주,동아지질,KOSPI
282690,동아타이어공업보통주,동아타이어,KOSPI
41930,동아화성,동아화성,KOSDAQ
1525,동양1우선주,동양우,KOSPI
1527,동양2우선주(신형),동양2우B,KOSPI
1529,동양3우선주(신형),동양3우B,KOSPI
84670,동양고속보통주,동양고속,KOSPI
1520,동양보통주,동양,KOSPI
82640,동양생명보험보통주,동양생명,KOSPI
60380,동양에스텍,동양에스텍,KOSDAQ
79960,동양이엔피,동양이엔피,KOSDAQ
8970,동양철관보통주,동양철관,KOSPI
228340,동양파일,동양파일,KOSDAQ
92780,동양피스톤보통주,동양피스톤,KOSPI
88910,동우팜투테이블,동우팜투테이블,KOSDAQ
94170,동운아나텍,동운아나텍,KOSDAQ
49770,동원F&B보통주,동원F&B,KOSPI
13120,동원개발,동원개발,KOSDAQ
18500,동원금속보통주,동원금속,KOSPI
6040,동원산업보통주,동원산업,KOSPI
30720,동원수산보통주,동원수산,KOSPI
14825,동원시스템즈1우선주,동원시스템즈우,KOSPI
14820,동원시스템즈보통주,동원시스템즈,KOSPI
163560,동일고무벨트보통주,동일고무벨트,KOSPI
109860,동일금속,동일금속,KOSDAQ
32960,동일기연,동일기연,KOSDAQ
4890,동일산업보통주,동일산업,KOSPI
2690,동일제강보통주,동일제강,KOSPI
23790,동일철강,동일철강,KOSDAQ
5290,동진쎄미켐,동진쎄미켐,KOSDAQ
25900,동화기업,동화기업,KOSDAQ
20,동화약품보통주,동화약품,KOSPI
155,두산1우선주,두산우,KOSPI
157,두산2우선주(신형),두산2우B,KOSPI
241560,두산밥캣보통주,두산밥캣,KOSPI
150,두산보통주,두산,KOSPI
34020,두산에너빌리티보통주,두산에너빌리티,KOSPI
131970,두산테스나,두산테스나,KOSDAQ
33626K,두산퓨얼셀1우선주,두산퓨얼셀1우,KOSPI
33626L,두산퓨얼셀2우선주(신형),두산퓨얼셀2우B,KOSPI
336260,두산퓨얼셀보통주,두산퓨얼셀,KOSPI
16740,두올보통주,두올,KOSPI
73190,듀오백,듀오백,KOSDAQ
176750,듀켐바이오,듀켐바이오,KONEX
30350,드래곤플라이,드래곤플라이,KOSDAQ
203650,드림시큐리티,드림시큐리티,KOSDAQ
223250,드림씨아이에스,드림씨아이에스,KOSDAQ
60570,드림어스컴퍼니,드림어스컴퍼니,KOSDAQ
192650,드림텍보통주,드림텍,KOSPI
217620,디딤,디딤,KOSDAQ
16670,디모아,디모아,KOSDAQ
187870,디바이스이엔지,디바이스이엔지,KOSDAQ
404950,디비금융제10호기업인수목적,DB금융스팩10호,KOSDAQ
367340,디비금융제8호기업인수목적,DB금융스팩8호,KOSDAQ
367360,디비금융제9호기업인수목적,DB금융스팩9호,KOSDAQ
66670,디스플레이테크,디스플레이텍,KOSDAQ
24090,디씨엠보통주,디씨엠,KOSPI
3160,디아이보통주,디아이,KOSPI
92200,디아이씨 보통주,디아이씨,KOSPI
110990,디아이티,디아이티,KOSDAQ
78590,디아크,디아크,KOSDAQ
4840,디알비동일보통주,DRB동일,KOSPI
263690,디알젬,디알젬,KOSDAQ
214680,디알텍,디알텍,KOSDAQ
377190,디앤디플랫폼리츠보통주,디앤디플랫폼리츠,KOSPI
263720,디앤씨미디어,디앤씨미디어,KOSDAQ
376300,디어유,디어유,KOSDAQ
241520,디에스씨인베스트먼트,DSC인베스트먼트,KOSDAQ
141020,디에스앤엘,디에스앤엘,KOSDAQ
109740,디에스케이,디에스케이,KOSDAQ
196490,디에이테크놀로지,디에이테크놀로지,KOSDAQ
66900,디에이피,디에이피,KOSDAQ
180400,디엑스앤브이엑스,디엑스앤브이엑스,KOSDAQ
127120,디엔에이링크,디엔에이링크,KOSDAQ
92070,디엔에프,디엔에프,KOSDAQ
7340,디엔오토모티브보통주,DN오토모티브,KOSPI
68790,디엠에스,DMS,KOSDAQ
39840,디오,디오,KOSDAQ
219550,디와이디,디와이디,KOSDAQ
13570,디와이보통주,디와이,KOSPI
310870,디와이씨,디와이씨,KOSDAQ
210540,디와이파워보통주,디와이파워,KOSPI
104460,디와이피엔에프,디와이피엔에프,KOSDAQ
79810,디이엔티,디이엔티,KOSDAQ
113810,디젠스,디젠스,KOSDAQ
43360,디지아이,디지아이,KOSDAQ
197140,디지캡,디지캡,KOSDAQ
68930,디지털대성,디지털대성,KOSDAQ
33130,디지틀조선일보,디지틀조선,KOSDAQ
105740,디케이락,디케이락,KOSDAQ
263020,디케이앤디,디케이앤디,KOSDAQ
290550,디케이티,디케이티,KOSDAQ
187220,디티앤씨,디티앤씨,KOSDAQ
163430,디피코,디피코,KONEX
131180,딜리,딜리,KOSDAQ
315640,딥노이드,딥노이드,KOSDAQ
317120,라닉스,라닉스,KOSDAQ
42510,라온시큐어,라온시큐어,KOSDAQ
232680,라온테크,라온테크,KOSDAQ
300120,라온피플,라온피플,KOSDAQ
171120,라이온켐텍,라이온켐텍,KOSDAQ
69540,라이트론,라이트론,KOSDAQ
285770,라이프사이언스테크놀로지,라이프사이언스테크놀로지,KONEX
347700,라이프시맨틱스,라이프시맨틱스,KOSDAQ
214260,라파스,라파스,KOSDAQ
403360,라피치,라피치,KONEX
115390,락앤락보통주,락앤락,KOSPI
200350,래몽래인,래몽래인,KOSDAQ
171010,램테크놀러지,램테크놀러지,KOSDAQ
84650,랩지노믹스,랩지노믹스,KOSDAQ
217500,러셀,러셀,KOSDAQ
92590,럭스피아,럭스피아,KONEX
141080,레고켐바이오사이언스,레고켐바이오,KOSDAQ
60300,레드로버,레드로버,KOSDAQ
38390,레드캡투어,레드캡투어,KOSDAQ
294140,레몬,레몬,KOSDAQ
228670,레이,레이,KOSDAQ
228850,레이언스,레이언스,KOSDAQ
412350,레이저쎌,레이저쎌,KOSDAQ
281740,레이크머티리얼즈,레이크머티리얼즈,KOSDAQ
277810,레인보우로보틱스,레인보우로보틱스,KOSDAQ
179720,렌딩머신,렌딩머신,KONEX
215100,로보로보,로보로보,KOSDAQ
90360,로보스타,로보스타,KOSDAQ
238500,로보쓰리,로보쓰리,KONEX
108490,로보티즈,로보티즈,KOSDAQ
900260,로스웰인터내셔널,로스웰,KOSDAQ
223220,로지스몬,로지스몬,KONEX
67730,로지시스,로지시스,KOSDAQ
71280,로체시스템즈,로체시스템즈,KOSDAQ
32350,롯데관광개발 보통주,롯데관광개발,KOSPI
89860,롯데렌탈보통주,롯데렌탈,KOSPI
330590,롯데리츠보통주,롯데리츠,KOSPI
400,롯데손해보험보통주,롯데손해보험,KOSPI
23530,롯데쇼핑 보통주,롯데쇼핑,KOSPI
4000,롯데정밀화학보통주,롯데정밀화학,KOSPI
286940,롯데정보통신보통주,롯데정보통신,KOSPI
280360,롯데제과보통주,롯데제과,KOSPI
00499K,롯데지주1우선주,롯데지주우,KOSPI
4990,롯데지주보통주,롯데지주,KOSPI
5305,롯데칠성음료1우선주,롯데칠성우,KOSPI
5300,롯데칠성음료보통주,롯데칠성,KOSPI
11170,롯데케미칼보통주,롯데케미칼,KOSPI
2270,롯데푸드보통주,롯데푸드,KOSPI
71840,롯데하이마트보통주,롯데하이마트,KOSPI
38060,루멘스,루멘스,KOSDAQ
162120,루켄테크놀러지스,루켄테크놀러지스,KONEX
253610,루트락,루트락,KONEX
85370,루트로닉,루트로닉,KOSDAQ
08537M,루트로닉3우선주(전환),루트로닉3우C,KOSDAQ
60240,룽투코리아,룽투코리아,KOSDAQ
58470,리노공업,리노공업,KOSDAQ
39980,리노스,리노스,KOSDAQ
19570,리더스 기술투자,리더스 기술투자,KOSDAQ
16100,리더스코스메틱,리더스코스메틱,KOSDAQ
12700,리드코프,리드코프,KOSDAQ
302550,리메드,리메드,KOSDAQ
377450,리파인,리파인,KOSDAQ
277070,린드먼아시아인베스트먼트,린드먼아시아,KOSDAQ
42500,링네트,링네트,KOSDAQ
219420,링크제니시스,링크제니시스,KOSDAQ
27740,마니커보통주,마니커,KOSPI
195500,마니커에프앤지,마니커에프앤지,KOSDAQ
357430,마스턴프리미어리츠보통주,마스턴프리미어리츠,KOSPI
222810,마이더스AI,마이더스AI,KOSDAQ
305090,마이크로디지탈,마이크로디지탈,KOSDAQ
147760,마이크로프랜드,마이크로프랜드,KOSDAQ
377480,마인즈랩,마인즈랩,KOSDAQ
169330,마크로밀엠브레인,엠브레인,KOSDAQ
38290,마크로젠,마크로젠,KOSDAQ
204320,만도보통주,만도,KOSPI
1080,만호제강보통주,만호제강,KOSPI
267980,매일유업,매일유업,KOSDAQ
5990,매일홀딩스,매일홀딩스,KOSDAQ
127160,매직마이크로,매직마이크로,KOSDAQ
93520,매커스,매커스,KOSDAQ
377030,맥스트,맥스트,KOSDAQ
88980,맥쿼리한국인프라투융자회사 보통주,맥쿼리인프라,KOSPI
100590,머큐리,머큐리,KOSDAQ
67280,멀티캠퍼스,멀티캠퍼스,KOSDAQ
72870,메가스터디,메가스터디,KOSDAQ
215200,메가스터디교육,메가스터디교육,KOSDAQ
133750,메가엠디,메가엠디,KOSDAQ
235980,메드팩토,메드팩토,KOSDAQ
200580,메디쎄이,메디쎄이,KONEX
41920,메디아나,메디아나,KOSDAQ
233250,메디안디노스틱,메디안디노스틱,KONEX
14100,메디앙스,메디앙스,KOSDAQ
236340,메디젠휴먼케어,메디젠휴먼케어,KONEX
54180,메디콕스,메디콕스,KOSDAQ
86900,메디톡스,메디톡스,KOSDAQ
78160,메디포스트,메디포스트,KOSDAQ
65650,메디프론디비티,메디프론,KOSDAQ
138040,메리츠금융지주회사보통주,메리츠금융지주,KOSPI
8560,메리츠증권보통주,메리츠증권,KOSPI
60,메리츠화재해상보험보통주,메리츠화재,KOSPI
21880,메이슨캐피탈,메이슨캐피탈,KOSDAQ
140410,메지온,메지온,KOSDAQ
241770,메카로,메카로,KOSDAQ
90370,메타랩스보통주,메타랩스,KOSPI
59210,메타바이오메드,메타바이오메드,KOSDAQ
58110,멕아이씨에스,멕아이씨에스,KOSDAQ
96640,멜파스,멜파스,KOSDAQ
17180,명문제약 보통주,명문제약,KOSPI
257370,명성티엔에스,명성티엔에스,KOSDAQ
9900,명신산업보통주,명신산업,KOSPI
267060,명진홀딩스,명진홀딩스,KONEX
12690,모나리자보통주,모나리자,KOSPI
5360,모나미보통주,모나미,KOSPI
80420,모다이노칩,모다이노칩,KOSDAQ
80160,모두투어네트워크,모두투어,KOSDAQ
204210,모두투어리츠보통주,모두투어리츠,KOSPI
100030,모바일리더,모바일리더,KOSDAQ
87260,모바일어플라이언스,모바일어플라이언스,KOSDAQ
101330,모베이스,모베이스,KOSDAQ
12860,모베이스전자,모베이스전자,KOSDAQ
363260,모비데이즈,모비데이즈,KOSDAQ
348030,모비릭스,모비릭스,KOSDAQ
250060,모비스,모비스,KOSDAQ
288980,모아데이타,모아데이타,KOSDAQ
33200,모아텍,모아텍,KOSDAQ
9680,모토닉보통주,모토닉,KOSPI
118990,모트렉스,모트렉스,KOSDAQ
6920,모헨즈,모헨즈,KOSDAQ
1810,무림에스피,무림SP,KOSDAQ
9200,무림페이퍼보통주,무림페이퍼,KOSPI
9580,무림피앤피보통주,무림P&P,KOSPI
322970,무진메디,무진메디,KONEX
33920,무학보통주,무학,KOSPI
8420,문배철강보통주,문배철강,KOSPI
279600,미디어젠,미디어젠,KOSDAQ
95500,미래나노텍,미래나노텍,KOSDAQ
25560,미래산업보통주,미래산업,KOSPI
218150,미래생명자원,미래생명자원,KOSDAQ
7120,미래아이앤지보통주,미래아이앤지,KOSPI
396690,미래에셋글로벌리츠보통주,미래에셋글로벌리츠,KOSPI
353490,미래에셋대우기업인수목적 5호,미래에셋대우스팩 5호,KOSDAQ
328380,미래에셋대우기업인수목적3호,미래에셋대우스팩3호,KOSDAQ
357250,미래에셋맵스리츠보통주,미래에셋맵스리츠,KOSPI
94800,미래에셋맵스아시아퍼시픽부동산공모1호,맵스리얼티1,KOSPI
100790,미래에셋벤처투자,미래에셋벤처투자,KOSDAQ
412930,미래에셋비전기업인수목적1호,미래에셋비전스팩1호,KOSDAQ
85620,미래에셋생명보험보통주,미래에셋생명,KOSPI
6805,미래에셋증권1우선주,미래에셋증권우,KOSPI
00680K,미래에셋증권2우선주(신형),미래에셋증권2우B,KOSPI
6800,미래에셋증권보통주,미래에셋증권,KOSPI
208890,미래엔에듀파트너,미래엔에듀파트너,KONEX
49950,미래컴퍼니,미래컴퍼니,KOSDAQ
207760,미스터블루,미스터블루,KOSDAQ
2840,미원상사보통주,미원상사,KOSPI
268280,미원스페셜티케미칼보통주,미원에스씨,KOSPI
107590,미원홀딩스 보통주,미원홀딩스,KOSPI
134380,미원화학보통주,미원화학,KOSPI
3650,미창석유공업보통주,미창석유,KOSPI
59090,미코,미코,KOSDAQ
214610,미코바이오메드,미코바이오메드,KOSDAQ
201490,미투온,미투온,KOSDAQ
950190,미투젠,미투젠,KOSDAQ
214180,민앤지,민앤지,KOSDAQ
155900,바다로19호선박투자회사,바다로19호,KOSPI
206640,바디텍메드,바디텍메드,KOSDAQ
18700,바른손,바른손,KOSDAQ
35620,바른손이앤에이,바른손이앤에이,KOSDAQ
64520,바른전자,바른전자,KOSDAQ
53030,바이넥스,바이넥스,KOSDAQ
301300,바이브컴퍼니,바이브컴퍼니,KOSDAQ
64550,바이오니아,바이오니아,KOSDAQ
314930,바이오다인,바이오다인,KOSDAQ
208710,바이오로그디바이스,바이오로그디바이스,KOSDAQ
86820,바이오솔루션,바이오솔루션,KOSDAQ
38460,바이오스마트,바이오스마트,KOSDAQ
281310,바이오시네틱스,바이오시네틱스,KONEX
251120,바이오에프디엔씨,바이오에프디엔씨,KOSDAQ
266470,바이오인프라생명과학,바이오인프라생명과학,KONEX
86040,바이오톡스텍,바이오톡스텍,KOSDAQ
199290,바이오프로테크,바이오프로테크,KONEX
99430,바이오플러스,바이오플러스,KOSDAQ
32980,바이온,바이온,KOSDAQ
222160,바이옵트로,바이옵트로,KOSDAQ
308080,바이젠셀,바이젠셀,KOSDAQ
43150,바텍,바텍,KOSDAQ
323990,박셀바이오,박셀바이오,KOSDAQ
3610,방림보통주,방림,KOSPI
267790,배럴,배럴,KOSDAQ
1340,백광산업보통주,백광산업,KOSPI
46310,백금티앤에이,백금T&A,KOSDAQ
35150,백산보통주,백산,KOSPI
66410,버킷스튜디오,버킷스튜디오,KOSDAQ
2410,범양건영보통주,범양건영,KOSPI
382900,범한퓨얼셀,범한퓨얼셀,KOSDAQ
206400,베노홀딩스,베노홀딩스,KOSDAQ
19010,베뉴지,베뉴지,KOSDAQ
322190,베른,베른,KONEX
177350,베셀,베셀,KOSDAQ
299910,베스파,베스파,KOSDAQ
7210,벽산보통주,벽산,KOSPI
225530,보광산업,보광산업,KOSDAQ
250000,보라티알,보라티알,KOSDAQ
2760,보락보통주,보락,KOSPI
3850,보령보통주,보령,KOSPI
310210,보로노이,보로노이,KOSDAQ
6910,보성파워텍,보성파워텍,KOSDAQ
890,보해양조보통주,보해양조,KOSPI
226340,본느,본느,KOSDAQ
206950,볼빅,볼빅,KONEX
8470,부-스타,부스타,KOSDAQ
3000,부광약품보통주,부광약품,KOSPI
1275,부국증권1우선주,부국증권우,KOSPI
1270,부국증권보통주,부국증권,KOSPI
26940,부국철강 보통주,부국철강,KOSPI
14470,부방,부방,KOSDAQ
11390,부산산업보통주,부산산업,KOSPI
5030,부산주공보통주,부산주공,KOSPI
338220,뷰노,뷰노,KOSDAQ
100120,뷰웍스,뷰웍스,KOSDAQ
337930,브랜드엑스코퍼레이션,브랜드엑스코퍼레이션,KOSDAQ
99390,브레인즈컴퍼니,브레인즈컴퍼니,KOSDAQ
64480,브리지텍,브리지텍,KOSDAQ
288330,브릿지바이오테라퓨틱스,브릿지바이오테라퓨틱스,KOSDAQ
365900,브이씨,브이씨,KOSDAQ
251630,브이원텍,브이원텍,KOSDAQ
18290,브이티지엠피,브이티지엠피,KOSDAQ
44480,블루베리엔에프티,블루베리 NFT,KOSDAQ
33560,블루콤,블루콤,KOSDAQ
191600,블루탑,블루탑,KONEX
369370,블리츠웨이,블리츠웨이,KOSDAQ
126340,비나텍,비나텍,KOSDAQ
121800,비덴트,비덴트,KOSDAQ
148140,비디아이,비디아이,KOSDAQ
82800,비보존 헬스케어,비보존 헬스케어,KOSDAQ
318410,비비씨,비비씨,KOSDAQ
2070,비비안보통주,비비안,KOSPI
100220,비상교육 보통주,비상교육,KOSPI
146320,비씨엔씨,비씨엔씨,KOSDAQ
200780,비씨월드제약,비씨월드제약,KOSDAQ
141000,비아트론,비아트론,KOSDAQ
90460,비에이치,비에이치,KOSDAQ
83650,비에이치아이,비에이치아이,KOSDAQ
215050,비엔디생활건강,비엔디생활건강,KONEX
32790,비엔지티,BNGT,KOSDAQ
142760,비엘,비엘,KOSDAQ
65170,비엘팜텍,비엘팜텍,KOSDAQ
86220,비엘헬스케어,비엘헬스케어,KONEX
86670,비엠티,비엠티,KOSDAQ
335890,비올,비올,KOSDAQ
138580,비즈니스온커뮤니케이션,비즈니스온,KOSDAQ
82920,비츠로셀,비츠로셀,KOSDAQ
54220,비츠로시스,비츠로시스,KOSDAQ
42370,비츠로테크,비츠로테크,KOSDAQ
30790,비케이탑스보통주,비케이탑스,KOSPI
50090,비케이홀딩스,비케이홀딩스,KOSDAQ
307870,비투엔,비투엔,KOSDAQ
357880,비트나인,비트나인,KOSDAQ
32850,비트컴퓨터,비트컴퓨터,KOSDAQ
148780,비플라이소프트,비플라이소프트,KOSDAQ
238200,비피도,비피도,KOSDAQ
93190,빅솔론,빅솔론,KOSDAQ
65450,빅텍,빅텍,KOSDAQ
210120,빅토리콘텐츠,빅텐츠,KONEX
5180,빙그레보통주,빙그레,KOSPI
72950,빛샘전자,빛샘전자,KOSDAQ
266170,뿌리깊은나무들,뿌리깊은나무들,KONEX
143240,사람인에이치알,사람인에이치알,KOSDAQ
3960,사조대림보통주,사조대림,KOSPI
8040,사조동아원보통주,사조동아원,KOSPI
7160,사조산업보통주,사조산업,KOSPI
14710,사조씨푸드보통주,사조씨푸드,KOSPI
6090,사조오양보통주,사조오양,KOSPI
100090,삼강엠앤티,삼강엠앤티,KOSDAQ
122350,삼기,삼기,KOSDAQ
14970,삼륭물산,삼륭물산,KOSDAQ
18310,삼목에스폼,삼목에스폼,KOSDAQ
53700,삼보모터스,삼보모터스,KOSDAQ
9620,삼보산업,삼보산업,KOSDAQ
23600,삼보판지,삼보판지,KOSDAQ
1470,삼부토건보통주,삼부토건,KOSPI
6405,삼성SDI1우선주,삼성SDI우,KOSPI
6400,삼성SDI보통주,삼성SDI,KOSPI
6660,삼성공조보통주,삼성공조,KOSPI
377630,삼성기업인수목적4호,삼성스팩4호,KOSDAQ
380320,삼성머스트기업인수목적5호,삼성머스트스팩5호,KOSDAQ
02826K,삼성물산1우선주(신형),삼성물산우B,KOSPI
28260,삼성물산보통주,삼성물산,KOSPI
207940,삼성바이오로직스보통주,삼성바이오로직스,KOSPI
32830,삼성생명보험보통주,삼성생명,KOSPI
18260,삼성에스디에스보통주,삼성에스디에스,KOSPI
28050,삼성엔지니어링보통주,삼성엔지니어링,KOSPI
9155,삼성전기1우선주,삼성전기우,KOSPI
9150,삼성전기보통주,삼성전기,KOSPI
5935,삼성전자1우선주,삼성전자우,KOSPI
5930,삼성전자보통주,삼성전자,KOSPI
1360,삼성제약,삼성제약,KOSPI
10145,삼성중공업1우선주,삼성중공우,KOSPI
10140,삼성중공업보통주,삼성중공업,KOSPI
16360,삼성증권보통주,삼성증권,KOSPI
68290,삼성출판사보통주,삼성출판사,KOSPI
29780,삼성카드 보통주,삼성카드,KOSPI
815,삼성화재해상보험1우선주,삼성화재우,KOSPI
810,삼성화재해상보험보통주,삼성화재,KOSPI
6110,삼아알미늄보통주,삼아알미늄,KOSPI
9300,삼아제약,삼아제약,KOSDAQ
145995,삼양사1우선주,삼양사우,KOSPI
145990,삼양사보통주,삼양사,KOSPI
3230,삼양식품보통주,삼양식품,KOSPI
225190,삼양옵틱스,삼양옵틱스,KOSDAQ
2170,삼양통상보통주,삼양통상,KOSPI
272550,삼양패키징보통주,삼양패키징,KOSPI
75,삼양홀딩스1우선주,삼양홀딩스우,KOSPI
70,삼양홀딩스보통주,삼양홀딩스,KOSPI
60310,삼에스코리아,3S,KOSDAQ
2810,삼영무역보통주,삼영무역,KOSPI
361670,삼영에스앤씨,삼영에스앤씨,KOSDAQ
54540,삼영엠텍,삼영엠텍,KOSDAQ
65570,삼영이엔씨,삼영이엔씨,KOSDAQ
5680,삼영전자공업보통주,삼영전자,KOSPI
3720,삼영화학공업보통주,삼영화학,KOSPI
23000,삼원강재 보통주,삼원강재,KOSPI
4380,삼익THK보통주,삼익THK,KOSPI
2450,삼익악기보통주,삼익악기,KOSPI
32280,삼일,삼일,KOSDAQ
2290,삼일기업공사,삼일기업공사,KOSDAQ
4440,삼일씨엔에스보통주,삼일씨엔에스,KOSPI
520,삼일제약보통주,삼일제약,KOSPI
9770,삼정펄프 보통주,삼정펄프,KOSPI
37460,삼지전자,삼지전자,KOSDAQ
32750,삼진,삼진,KOSDAQ
54090,삼진엘앤디,삼진엘앤디,KOSDAQ
5500,삼진제약보통주,삼진제약,KOSPI
250,삼천당제약,삼천당제약,KOSDAQ
4690,삼천리보통주,삼천리,KOSPI
24950,삼천리자전거,삼천리자전거,KOSDAQ
38500,삼표시멘트,삼표시멘트,KOSDAQ
17480,삼현철강,삼현철강,KOSDAQ
10960,삼호개발 보통주,삼호개발,KOSPI
46390,삼화네트웍스,삼화네트웍스,KOSDAQ
4450,삼화왕관보통주,삼화왕관,KOSPI
9470,삼화전기보통주,삼화전기,KOSPI
11230,삼화전자공업보통주,삼화전자,KOSPI
1820,삼화콘덴서공업보통주,삼화콘덴서,KOSPI
390,삼화페인트공업보통주,삼화페인트,KOSPI
27580,상보,상보,KOSDAQ
38540,상상인,상상인,KOSDAQ
101000,상상인인더스트리,상상인인더스트리,KOSDAQ
415580,상상인제3호기업인수목적,상상인제3호스팩,KOSDAQ
1290,상상인증권보통주,상상인증권,KOSPI
41650,상신브레이크보통주,상신브레이크,KOSPI
91580,상신이디피,상신이디피,KOSDAQ
263810,상신전자,상신전자,KOSDAQ
89980,상아프론테크,상아프론테크,KOSDAQ
42940,상지카일룸,상지카일룸,KOSDAQ
42600,새로닉스,새로닉스,KOSDAQ
75180,새론오토모티브,새론오토모티브,KOSPI
252990,샘씨엔에스,샘씨엔에스,KOSDAQ
7540,샘표보통주,샘표,KOSPI
248170,샘표식품보통주,샘표식품,KOSPI
294630,서남,서남,KOSDAQ
38070,서린바이오사이언스,서린바이오,KOSDAQ
6730,서부티엔디,서부T&D,KOSDAQ
79650,서산,서산,KOSDAQ
100660,서암기계공업,서암기계공업,KOSDAQ
7860,서연보통주,서연,KOSPI
200880,서연이화보통주,서연이화,KOSPI
19770,서연탑메탈,서연탑메탈,KOSDAQ
17390,서울도시가스보통주,서울가스,KOSPI
43710,서울리거,서울리거,KOSDAQ
92190,서울바이오시스,서울바이오시스,KOSDAQ
46890,서울반도체,서울반도체,KOSDAQ
4415,서울식품공업1우선주,서울식품우,KOSPI
4410,서울식품공업보통주,서울식품,KOSPI
63170,서울옥션,서울옥션,KOSDAQ
27040,서울전자통신,서울전자통신,KOSDAQ
18680,서울제약,서울제약,KOSDAQ
21050,서원보통주,서원,KOSPI
93920,서원인텍,서원인텍,KOSDAQ
189860,서전기전,서전기전,KOSDAQ
178320,서진시스템,서진시스템,KOSDAQ
122690,서진오토모티브,서진오토모티브,KOSDAQ
140070,서플러스글로벌,서플러스글로벌,KOSDAQ
11370,서한,서한,KOSDAQ
65710,서호전기,서호전기,KOSDAQ
8490,서흥보통주,서흥,KOSPI
35890,서희건설,서희건설,KOSDAQ
357550,석경에이티,석경에이티,KOSDAQ
3100,선광,선광,KOSDAQ
7610,선도전기보통주,선도전기,KOSPI
67370,선바이오,선바이오,KONEX
2820,선앤엘보통주,SUN&L,KOSPI
171090,선익시스템,선익시스템,KOSDAQ
136490,선진보통주,선진,KOSPI
86710,선진뷰티사이언스,선진뷰티사이언스,KOSDAQ
14620,성광벤드,성광벤드,KOSDAQ
37350,성도이엔지,성도이엔지,KOSDAQ
14915,성문전자1우선주,성문전자우,KOSPI
14910,성문전자보통주,성문전자,KOSPI
3080,성보화학보통주,성보화학,KOSPI
4985,성신양회1우선주,성신양회우,KOSPI
4980,성신양회보통주,성신양회,KOSPI
11300,성안보통주,성안,KOSPI
81580,성우전자,성우전자,KOSDAQ
45300,성우테크론,성우테크론,KOSDAQ
15750,성우하이텍,성우하이텍,KOSDAQ
180,성창기업지주보통주,성창기업지주,KOSPI
80470,성창오토텍,성창오토텍,KOSDAQ
43260,성호전자,성호전자,KOSDAQ
148150,세경하이테크,세경하이테크,KOSDAQ
2420,세기상사보통주,세기상사,KOSPI
53060,세동,세동,KOSDAQ
340440,세림비앤지,세림B&G,KOSDAQ
17510,세명전기공업,세명전기,KOSDAQ
4365,세방1우선주,세방우,KOSPI
4360,세방보통주,세방,KOSPI
4490,세방전지보통주,세방전지,KOSPI
11560,세보엠이씨,세보엠이씨,KOSDAQ
396300,세아메카닉스,세아메카닉스,KOSDAQ
1430,세아베스틸지주보통주,세아베스틸지주,KOSPI
306200,세아제강보통주,세아제강,KOSPI
3030,세아제강지주보통주,세아제강지주,KOSPI
19440,세아특수강보통주,세아특수강,KOSPI
58650,세아홀딩스보통주,세아홀딩스,KOSPI
13000,세우글로벌보통주,세우글로벌,KOSPI
100700,세운메디칼,세운메디칼,KOSDAQ
24830,세원물산,세원물산,KOSDAQ
91090,세원이앤씨보통주,세원이앤씨,KOSPI
21820,세원정공보통주,세원정공,KOSPI
67830,세이브존I&C보통주,세이브존I&C,KOSPI
33530,세종공업보통주,세종공업,KOSPI
258830,세종메디칼,세종메디칼,KOSDAQ
36630,세종텔레콤,세종텔레콤,KOSDAQ
39310,세중,세중,KOSDAQ
75580,세진중공업보통주,세진중공업,KOSPI
67770,세진티에스,세진티에스,KOSDAQ
53450,세코닉스,세코닉스,KOSDAQ
234340,세틀뱅크,세틀뱅크,KOSDAQ
27970,세하보통주,세하,KOSPI
252500,세화피앤씨,세화피앤씨,KOSDAQ
347000,센코,센코,KOSDAQ
308170,센트랄모텍보통주,센트랄모텍,KOSPI
12600,센트럴인사이트보통주,센트럴인사이트,KOSPI
331920,셀레믹스,셀레믹스,KOSDAQ
49180,셀루메드,셀루메드,KOSDAQ
299660,셀리드,셀리드,KOSDAQ
268600,셀리버리,셀리버리,KOSDAQ
108860,셀바스에이아이,셀바스AI,KOSDAQ
208370,셀바스헬스케어,셀바스헬스케어,KOSDAQ
258250,셀젠텍,셀젠텍,KONEX
68270,셀트리온보통주,셀트리온,KOSPI
68760,셀트리온제약,셀트리온제약,KOSDAQ
91990,셀트리온헬스케어,셀트리온헬스케어,KOSDAQ
60230,소니드,소니드,KOSDAQ
290690,소룩스,소룩스,KOSDAQ
53110,소리바다,소리바다,KOSDAQ
950200,소마젠,소마젠,KOSDAQ
32680,소프트센,소프트센,KOSDAQ
32685,소프트센1우선주,소프트센우,KOSDAQ
258790,소프트캠프,소프트캠프,KOSDAQ
66910,손오공,손오공,KOSDAQ
43100,솔고바이오메디칼,솔고바이오,KOSDAQ
33637K,솔루스첨단소재1우선주,솔루스첨단소재1우,KOSPI
33637L,솔루스첨단소재2우선주(신형),솔루스첨단소재2우B,KOSPI
336370,솔루스첨단소재보통주,솔루스첨단소재,KOSPI
154040,솔루에타,솔루에타,KOSDAQ
248070,솔루엠보통주,솔루엠,KOSPI
35610,솔본,솔본,KOSDAQ
357780,솔브레인,솔브레인,KOSDAQ
36830,솔브레인홀딩스,솔브레인홀딩스,KOSDAQ
304100,솔트룩스,솔트룩스,KOSDAQ
4430,송원산업보통주,송원산업,KOSPI
86980,쇼박스,쇼박스,KOSDAQ
50960,수산아이앤티,수산아이앤티,KOSDAQ
17550,수산중공업보통주,수산중공업,KOSPI
253840,수젠텍,수젠텍,KOSDAQ
236200,슈프리마,슈프리마,KOSDAQ
317770,슈프리마아이디,슈프리마아이디,KOSDAQ
94840,슈프리마에이치큐,슈프리마에이치큐,KOSDAQ
192440,슈피겐코리아,슈피겐코리아,KOSDAQ
99440,스맥,스맥,KOSDAQ
33790,스카이문스테크놀로지,스카이문스테크놀로지,KOSDAQ
276040,스코넥엔터테인먼트,스코넥,KOSDAQ
159910,스킨앤스킨,스킨앤스킨,KOSDAQ
115570,스타플렉스,스타플렉스,KOSDAQ
258540,스템랩,스템랩,KONEX
330730,스톤브릿지벤처스,스톤브릿지벤처스,KOSDAQ
204630,스튜디오 산타클로스 엔터테인먼트,스튜디오산타클로스,KOSDAQ
253450,스튜디오드래곤 주식회사,스튜디오드래곤,KOSDAQ
26890,스틱인베스트먼트보통주,스틱인베스트먼트,KOSPI
13810,스페코,스페코,KOSDAQ
49830,승일,승일,KOSDAQ
20710,시공테크,시공테크,KOSDAQ
33170,시그네틱스,시그네틱스,KOSDAQ
48870,시너지이노베이션,시너지이노베이션,KOSDAQ
25320,시노펙스,시노펙스,KOSDAQ
134790,시디즈보통주,시디즈,KOSPI
269620,시스웍,시스웍,KOSDAQ
131090,시큐브,시큐브,KOSDAQ
232830,시큐센,시큐센,KONEX
139050,시티랩스,시티랩스,KOSDAQ
16590,신대양제지보통주,신대양제지,KOSPI
290520,신도기연,신도기연,KOSDAQ
29530,신도리코보통주,신도리코,KOSPI
4970,신라교역보통주,신라교역,KOSPI
1000,신라섬유,신라섬유,KOSDAQ
25870,신라에스지,신라에스지,KOSDAQ
215600,신라젠,신라젠,KOSDAQ
65350,신성델타테크,신성델타테크,KOSDAQ
11930,신성이엔지보통주,신성이엔지,KOSPI
5390,신성통상보통주,신성통상,KOSPI
34300,신세계건설,신세계건설,KOSPI
4170,신세계보통주,신세계,KOSPI
35510,신세계아이앤씨 보통주,신세계 I&C,KOSPI
31430,신세계인터내셔날보통주,신세계인터내셔날,KOSPI
31440,신세계푸드보통주,신세계푸드,KOSPI
6880,신송홀딩스보통주,신송홀딩스,KOSPI
2800,신신제약,신신제약,KOSDAQ
5800,신영와코루보통주,신영와코루,KOSPI
1725,신영증권1우선주,신영증권우,KOSPI
1720,신영증권보통주,신영증권,KOSPI
323280,신영해피투모로우제5호기업인수목적,신영스팩5호,KOSDAQ
344050,신영해피투모로우제6호기업인수목적,신영스팩6호,KOSDAQ
419270,신영해피투모로우제7호기업인수목적,신영스팩7호,KOSDAQ
9275,신원1우선주,신원우,KOSPI
9270,신원보통주,신원,KOSPI
17000,신원종합개발,신원종합개발,KOSDAQ
2700,신일전자보통주,신일전자,KOSPI
12790,신일제약,신일제약,KOSDAQ
138070,신진에스엠,신진에스엠,KOSDAQ
226330,신테카바이오,신테카바이오,KOSDAQ
19175,신풍제약1우선주,신풍제약우,KOSPI
19170,신풍제약보통주,신풍제약,KOSPI
2870,신풍제지보통주,신풍제지,KOSPI
55550,신한금융지주회사보통주,신한지주,KOSPI
404990,신한서부티엔디리츠보통주,신한서부티엔디리츠,KOSPI
293940,신한알파리츠보통주,신한알파리츠,KOSPI
333050,신한제6호기업인수목적,신한제6호스팩,KOSDAQ
366330,신한제7호기업인수목적,신한제7호스팩,KOSDAQ
393360,신한제8호기업인수목적,신한제8호스팩,KOSDAQ
405640,신한제9호기업인수목적,신한제9호스팩,KOSDAQ
56700,신화인터텍,신화인터텍,KOSDAQ
187270,신화콘텍,신화콘텍,KOSDAQ
4080,신흥보통주,신흥,KOSPI
243840,신흥에스이씨,신흥에스이씨,KOSDAQ
257720,실리콘투,실리콘투,KOSDAQ
222800,심텍,심텍,KOSDAQ
36710,심텍홀딩스,심텍홀딩스,KOSDAQ
160980,싸이맥스,싸이맥스,KOSDAQ
356890,싸이버원,싸이버원,KOSDAQ
217330,싸이토젠,싸이토젠,KOSDAQ
102280,쌍방울,쌍방울,KOSPI
3410,쌍용C&E보통주,쌍용C&E,KOSPI
3620,쌍용자동차보통주,쌍용차,KOSPI
10280,쌍용정보통신,쌍용정보통신,KOSDAQ
4770,써니전자보통주,써니전자,KOSPI
217320,썬테크,썬테크,KONEX
208640,썸에이지,썸에이지,KOSDAQ
222420,쎄노텍,쎄노텍,KOSDAQ
37760,쎄니트,쎄니트,KOSDAQ
99320,쎄트렉아이,쎄트렉아이,KOSDAQ
15540,쎌마테라퓨틱스보통주,쎌마테라퓨틱스,KOSPI
49960,쎌바이오텍,쎌바이오텍,KOSDAQ
50890,쏠리드,쏠리드,KOSDAQ
13720,씨비아이,CBI,KOSDAQ
66790,씨씨에스충북방송,씨씨에스,KOSDAQ
222080,씨아이에스,씨아이에스,KOSDAQ
4920,씨아이테크보통주,씨아이테크,KOSPI
236030,씨알푸드,씨알푸드,KONEX
103660,씨앗,씨앗,KONEX
352480,씨앤씨인터내셔널,씨앤씨인터내셔널,KOSDAQ
245450,씨앤에스링크,씨앤에스링크,KONEX
23460,씨앤에이치,CNH,KOSDAQ
264660,씨앤지하이테크,씨앤지하이테크,KOSDAQ
352700,씨앤투스성진,씨앤투스성진,KOSDAQ
56730,씨앤티85,CNT85,KOSDAQ
65770,씨에스,CS,KOSDAQ
297090,씨에스베어링,씨에스베어링,KOSDAQ
83660,씨에스에이코스믹,CSA 코스믹,KOSDAQ
112610,씨에스윈드보통주,씨에스윈드,KOSPI
359090,씨엔알리서치,씨엔알리서치,KOSDAQ
286000,씨엔티드림,씨엔티드림,KONEX
115530,씨엔플러스,씨엔플러스,KOSDAQ
115480,씨유메디칼시스템,씨유메디칼,KOSDAQ
376290,씨유테크,씨유테크,KOSDAQ
189330,씨이랩,씨이랩,KOSDAQ
120,씨제이대한통운보통주,CJ대한통운,KOSPI
311690,씨제이바이오사이언스,CJ 바이오사이언스,KOSDAQ
79160,씨제이씨지브이 보통주,CJ CGV,KOSPI
35760,씨제이이엔엠,CJ ENM,KOSDAQ
97955,씨제이제일제당 주식회사 1우선주,CJ제일제당 우,KOSPI
97950,씨제이제일제당 주식회사 보통주,CJ제일제당,KOSPI
51500,씨제이프레시웨이,CJ프레시웨이,KOSDAQ
96530,씨젠,씨젠,KOSDAQ
900120,씨케이에이치푸드앤헬스리미티드,씨케이에이치,KOSDAQ
101240,씨큐브,씨큐브,KOSDAQ
60590,씨티씨바이오,씨티씨바이오,KOSDAQ
260930,씨티케이,씨티케이,KOSDAQ
13990,아가방앤컴퍼니,아가방컴퍼니,KOSDAQ
123860,아나패스,아나패스,KOSDAQ
25980,아난티,아난티,KOSDAQ
8700,아남전자보통주,아남전자,KOSPI
58220,아리온테크놀로지,아리온,KOSDAQ
125210,아모그린텍,아모그린텍,KOSDAQ
2795,아모레G1우선주,아모레G우,KOSPI
00279K,아모레G3우선주(전환),아모레G3우(전환),KOSPI
2790,아모레G보통주,아모레G,KOSPI
90435,아모레퍼시픽 1우선주,아모레퍼시픽우,KOSPI
90430,아모레퍼시픽 보통주,아모레퍼시픽,KOSPI
52710,아모텍,아모텍,KOSDAQ
74430,아미노로직스,아미노로직스,KOSDAQ
92040,아미코젠,아미코젠,KOSDAQ
83930,아바코,아바코,KOSDAQ
149950,아바텍,아바텍,KOSDAQ
36010,아비코전자,아비코전자,KOSDAQ
2030,아세아보통주,아세아,KOSPI
183190,아세아시멘트보통주,아세아시멘트,KOSPI
2310,아세아제지보통주,아세아제지,KOSPI
50860,아세아텍,아세아텍,KOSDAQ
12170,아센디오보통주,아센디오,KOSPI
136410,아셈스,아셈스,KOSDAQ
246720,아스타,아스타,KOSDAQ
67390,아스트,아스트,KOSDAQ
159010,아스플로,아스플로,KOSDAQ
127710,아시아경제,아시아경제,KOSDAQ
267850,아시아나IDT보통주,아시아나IDT,KOSPI
20560,아시아나항공 보통주,아시아나항공,KOSPI
227610,아우딘퓨쳐스,아우딘퓨쳐스,KOSDAQ
143160,아이디스,아이디스,KOSDAQ
54800,아이디스홀딩스,아이디스홀딩스,KOSDAQ
332370,아이디피,아이디피,KOSDAQ
122900,아이마켓코리아보통주,아이마켓코리아,KOSPI
339950,아이비김영,아이비김영,KOSDAQ
335870,아이비케이에스제12호기업인수목적,IBKS제12호스팩,KOSDAQ
351340,아이비케이에스제13호기업인수목적,IBKS제13호스팩,KOSDAQ
388790,아이비케이에스제16호기업인수목적,IBKS제16호스팩,KOSDAQ
405350,아이비케이에스제17호기업인수목적,IBKS제17호스팩,KOSDAQ
99190,아이센스,아이센스,KOSDAQ
289010,아이스크림에듀,아이스크림에듀,KOSDAQ
214430,아이쓰리시스템,아이쓰리시스템,KOSDAQ
40910,아이씨디,아이씨디,KOSDAQ
68940,아이씨케이,아이씨케이,KOSDAQ
52860,아이앤씨테크놀로지,아이앤씨,KOSDAQ
10780,아이에스동서보통주,아이에스동서,KOSPI
95340,아이에스시,ISC,KOSDAQ
69920,아이에스이커머스,아이에스이커머스,KOSDAQ
38880,아이에이,아이에이,KOSDAQ
307180,아이엘사이언스,아이엘사이언스,KOSDAQ
101390,아이엠,아이엠,KOSDAQ
52220,아이엠비씨,iMBC,KOSDAQ
78860,아이오케이컴퍼니,아이오케이,KOSDAQ
114810,아이원스,아이원스,KOSDAQ
90150,아이윈,아이윈,KOSDAQ
123010,아이윈플러스,아이윈플러스,KOSDAQ
31310,아이즈비전,아이즈비전,KOSDAQ
185490,아이진,아이진,KOSDAQ
59100,아이컴포넌트,아이컴포넌트,KOSDAQ
149010,아이케이세미콘,아이케이세미콘,KONEX
262840,아이퀘스트,아이퀘스트,KOSDAQ
175250,아이큐어,아이큐어,KOSDAQ
52460,아이크래프트,아이크래프트,KOSDAQ
119830,아이텍,아이텍,KOSDAQ
52770,아이톡시,아이톡시,KOSDAQ
124500,아이티센,아이티센,KOSDAQ
372800,아이티아이즈,아이티아이즈,KOSDAQ
99520,아이티엑스에이아이,ITX-AI,KOSDAQ
84850,아이티엠반도체,아이티엠반도체,KOSDAQ
114840,아이패밀리에스씨,아이패밀리에스씨,KOSDAQ
139990,아주스틸보통주,아주스틸,KOSPI
27360,아주아이비투자,아주IB투자,KOSDAQ
32080,아즈텍더블유비이,아즈텍WB,KOSDAQ
13310,아진산업,아진산업,KOSDAQ
59120,아진엑스텍,아진엑스텍,KOSDAQ
158430,아톤,아톤,KOSDAQ
149300,아퓨어스,아퓨어스,KONEX
67160,아프리카티비,아프리카TV,KOSDAQ
1540,안국약품,안국약품,KOSDAQ
53800,안랩,안랩,KOSDAQ
251280,안지오랩,안지오랩,KONEX
65660,안트로젠,안트로젠,KOSDAQ
297570,알로이스,알로이스,KOSDAQ
1780,알루코 보통주,알루코,KOSPI
260660,알리코제약,알리코제약,KOSDAQ
361570,알비더블유,알비더블유,KOSDAQ
131370,알서포트,알서포트,KOSDAQ
140670,알에스오토메이션,알에스오토메이션,KOSDAQ
327260,알에프머트리얼즈,RF머트리얼즈,KOSDAQ
96610,알에프세미,알에프세미,KOSDAQ
218410,알에프에이치아이씨,RFHIC,KOSDAQ
61040,알에프텍,알에프텍,KOSDAQ
148250,알엔투테크놀로지,알엔투테크놀로지,KOSDAQ
347860,알체라,알체라,KOSDAQ
196170,알테오젠,알테오젠,KOSDAQ
123750,알톤스포츠,알톤스포츠,KOSDAQ
85810,알티캐스트,알티캐스트,KOSDAQ
117670,알파홀딩스,알파홀딩스,KOSDAQ
291650,압타머사이언스,압타머사이언스,KOSDAQ
293780,압타바이오,압타바이오,KOSDAQ
267810,앙츠,앙츠,KONEX
18250,애경산업보통주,애경산업,KOSPI
161000,애경케미칼보통주,애경케미칼,KOSPI
196300,애니젠,애니젠,KOSDAQ
310200,애니플러스,애니플러스,KOSDAQ
179530,애드바이오텍,애드바이오텍,KOSDAQ
900100,애머릿지코퍼레이션,애머릿지,KOSDAQ
205500,액션스퀘어,액션스퀘어,KOSDAQ
52790,액토즈소프트,액토즈소프트,KOSDAQ
290740,액트로,액트로,KOSDAQ
238090,앤디포스,앤디포스,KOSDAQ
92600,앤씨앤,앤씨앤,KOSDAQ
129890,앱코,앱코,KOSDAQ
174900,앱클론 주식회사,앱클론,KOSDAQ
255440,야스,야스,KOSDAQ
30960,양지사,양지사,KOSDAQ
102120,어보브반도체,어보브반도체,KOSDAQ
263540,어스앤에어로스페이스,어스앤에어로스페이스,KOSDAQ
238120,얼라인드제네틱스,얼라인드,KOSDAQ
224810,엄지하우스,엄지하우스,KONEX
19990,에너토크,에너토크,KOSDAQ
11090,에넥스보통주,에넥스,KOSPI
56090,에디슨이노,에디슨INNO,KOSDAQ
136510,에디슨이브이,에디슨EV,KOSDAQ
270660,에브리봇 주식회사,에브리봇,KOSDAQ
38680,에스넷시스템,에스넷,KOSDAQ
137310,에스디바이오센서보통주,에스디바이오센서,KOSPI
217480,에스디생명공학,에스디생명공학,KOSDAQ
121890,에스디시스템,에스디시스템,KOSDAQ
99220,에스디엔,SDN,KOSDAQ
97780,에스맥,에스맥,KOSDAQ
289080,에스브이인베스트먼트,SV인베스트먼트,KOSDAQ
151910,에스비더블유생명과학,SBW생명과학,KOSDAQ
19550,에스비아이인베스트먼트,SBI인베스트먼트,KOSDAQ
34120,에스비에스보통주,SBS,KOSPI
46140,에스비에스콘텐츠허브,SBS콘텐츠허브,KOSDAQ
42110,에스씨디,에스씨디,KOSDAQ
36120,에스씨아이평가정보,SCI평가정보,KOSDAQ
298060,에스씨엠생명과학,에스씨엠생명과학,KOSDAQ
65420,에스아이리소스,에스아이리소스,KOSDAQ
270210,에스알바이오텍,에스알바이오텍,KONEX
103230,에스앤더블류,에스앤더블류,KOSDAQ
260970,에스앤디,에스앤디,KOSDAQ
101490,에스앤에스텍,에스앤에스텍,KOSDAQ
95910,에스에너지,에스에너지,KOSDAQ
275630,에스에스알,에스에스알,KOSDAQ
31330,에스에이엠티,에스에이엠티,KOSDAQ
60540,에스에이티,에스에이티,KOSDAQ
351320,에스에이티,에스에이티이엔지,KOSDAQ
56190,에스에프에이,에스에프에이,KOSDAQ
36540,에스에프에이반도체,SFA반도체,KOSDAQ
80000,에스엔유프리시젼,에스엔유,KOSDAQ
91340,에스엔케이폴리텍,S&K폴리텍,KOSDAQ
214310,에스엘바이오닉스,에스엘바이오닉스,KOSDAQ
5850,에스엘보통주,에스엘,KOSPI
246250,에스엘에스바이오,에스엘에스바이오,KONEX
63440,에스엠라이프디자인그룹,SM Life Design,KOSDAQ
10580,에스엠벡셀보통주,에스엠벡셀,KOSPI
299670,에스엠비나,에스엠비나,KONEX
41510,에스엠엔터테인먼트,에스엠,KOSDAQ
48550,에스엠컬처앤콘텐츠,SM C&C,KOSDAQ
7820,에스엠코어,에스엠코어,KOSDAQ
109610,에스와이,에스와이,KOSDAQ
12750,에스원보통주,에스원,KOSPI
306040,에스제이그룹,에스제이그룹,KOSDAQ
217910,에스제이켐,에스제이켐,KONEX
4060,에스지세계물산보통주,SG세계물산,KOSPI
16250,에스지씨이테크건설,SGC이테크건설,KOSDAQ
49470,에스지에이,SGA,KOSDAQ
184230,에스지에이 솔루션즈,SGA솔루션즈,KOSDAQ
40610,에스지엔지,SG&G,KOSDAQ
255220,에스지이,SG,KOSDAQ
6125,에스케이디스커버리1우선주,SK디스커버리우,KOSPI
6120,에스케이디스커버리보통주,SK디스커버리,KOSPI
68400,에스케이렌터카보통주,SK렌터카,KOSPI
302440,에스케이바이오사이언스보통주,SK바이오사이언스,KOSPI
326030,에스케이바이오팜보통주,SK바이오팜,KOSPI
224020,에스케이씨에스,에스케이씨에스,KONEX
337450,에스케이제5호기업인수목적,SK5호스팩,KOSDAQ
340350,에스케이제6호기업인수목적,SK6호스팩,KOSDAQ
408920,에스케이증권에이씨피씨제7호기업인수목적,에스케이증권7호스팩,KOSDAQ
660,에스케이하이닉스보통주,SK하이닉스,KOSPI
96630,에스코넥,에스코넥,KOSDAQ
69510,에스텍,에스텍,KOSDAQ
41910,에스텍파마,에스텍파마,KOSDAQ
234300,에스트래픽,에스트래픽,KOSDAQ
39440,에스티아이,에스티아이,KOSDAQ
98660,에스티오,에스티오,KOSDAQ
52020,에스티큐브,에스티큐브,KOSDAQ
237690,에스티팜,에스티팜,KOSDAQ
50760,에스폴리텍,에스폴리텍,KOSDAQ
288620,에스퓨얼셀,에스퓨얼셀,KOSDAQ
317830,에스피시스템스,에스피시스템스,KOSDAQ
58610,에스피지,에스피지,KOSDAQ
43340,에쎈테크,에쎈테크,KOSDAQ
23960,에쓰씨엔지니어링보통주,에쓰씨엔지니어링,KOSPI
298690,에어부산보통주,에어부산,KOSPI
187660,에이디엠코리아,에이디엠코리아,KOSDAQ
54630,에이디칩스,에이디칩스,KOSDAQ
200710,에이디테크놀로지,에이디테크놀로지,KOSDAQ
96690,에이루트,에이루트,KOSDAQ
78520,에이블씨엔씨보통주,에이블씨엔씨,KOSPI
298380,에이비엘바이오,에이비엘바이오,KOSDAQ
203400,에이비온,에이비온,KOSDAQ
195990,에이비프로바이오,에이비프로바이오,KOSDAQ
3800,에이스침대,에이스침대,KOSDAQ
88800,에이스테크놀로지,에이스테크,KOSDAQ
241840,에이스토리,에이스토리,KOSDAQ
312610,에이에프더블류,에이에프더블류,KOSDAQ
15260,에이엔피보통주,에이엔피,KOSPI
234070,에이원알폼,에이원알폼,KONEX
140910,에이자기관리부동산투자회사보통주,에이리츠,KOSPI
39570,에이치디씨랩스보통주,HDC랩스,KOSPI
89470,에이치디씨현대이피보통주,HDC현대EP,KOSPI
267250,에이치디현대보통주,HD현대,KOSPI
297890,에이치비솔루션,HB솔루션,KOSDAQ
78150,에이치비테크놀러지,HB테크놀러지,KOSDAQ
72990,에이치시티,에이치시티,KOSDAQ
36640,에이치알에스,HRS,KOSDAQ
227100,에이치앤비디자인,에이치앤비디자인,KOSDAQ
82740,에이치에스디엔진보통주,HSD엔진,KOSPI
44990,에이치엔에스하이텍,에이치엔에스하이텍,KONEX
28300,에이치엘비,HLB,KOSDAQ
3580,에이치엘비글로벌보통주,HLB글로벌,KOSPI
67630,에이치엘비생명과학,HLB생명과학,KOSDAQ
47920,에이치엘비제약,HLB제약,KOSDAQ
115450,에이치엘비테라퓨틱스,HLB테라퓨틱스,KOSDAQ
239610,에이치엘사이언스,에이치엘사이언스,KOSDAQ
353070,에이치엠씨아이비제4호기업인수목적,에이치엠씨제4호스팩,KOSDAQ
353060,에이치엠씨아이비제5호기업인수목적,에이치엠씨제5호스팩,KOSDAQ
11200,에이치엠엠보통주,HMM,KOSPI
44780,에이치케이,에이치케이,KOSDAQ
195940,에이치케이이노엔,HK이노엔,KOSDAQ
357230,에이치피오,에이치피오,KOSDAQ
71670,에이테크솔루션,에이테크솔루션,KOSDAQ
45660,에이텍,에이텍,KOSDAQ
224110,에이텍티앤,에이텍티앤,KOSDAQ
230980,에이트원,에이트원,KOSDAQ
21080,에이티넘인베스트먼트,에이티넘인베스트,KOSDAQ
89530,에이티세미콘,에이티세미콘,KOSDAQ
200470,에이팩트,에이팩트,KOSDAQ
207490,에이펙스인텍,에이펙스인텍,KONEX
262260,에이프로,에이프로,KOSDAQ
7460,에이프로젠메디신보통주,에이프로젠 MED,KOSPI
3060,에이프로젠제약보통주,에이프로젠제약,KOSPI
109960,에이프로젠헬스케어앤게임즈,에이프로젠 H&G,KOSDAQ
244920,에이플러스에셋보통주,에이플러스에셋,KOSPI
265520,에이피시스템,AP시스템,KOSDAQ
54620,에이피에스홀딩스,APS홀딩스,KOSDAQ
211270,에이피위성,AP위성,KOSDAQ
89970,에이피티씨,에이피티씨,KOSDAQ
230240,에치에프알,에치에프알,KOSDAQ
230360,에코마케팅,에코마케팅,KOSDAQ
38870,에코바이오홀딩스,에코바이오,KOSDAQ
128540,에코캡,에코캡,KOSDAQ
86520,에코프로,에코프로,KOSDAQ
247540,에코프로비엠,에코프로비엠,KOSDAQ
383310,에코프로에이치엔,에코프로에이치엔,KOSDAQ
38110,에코플라스틱,에코플라스틱,KOSDAQ
73540,에프알텍,에프알텍,KOSDAQ
64850,에프앤가이드,에프앤가이드,KOSDAQ
64090,에프앤리퍼블릭,에프앤리퍼블릭,KOSDAQ
214270,에프에스엔,FSN,KOSDAQ
36810,에프에스티,에프에스티,KOSDAQ
173940,에프엔씨엔터테인먼트,에프엔씨엔터,KOSDAQ
83500,에프엔에스테크,에프엔에스테크,KOSDAQ
54940,엑사이엔씨,엑사이엔씨,KOSDAQ
950130,엑세스바이오,엑세스바이오,KOSDAQ
205100,엑셈,엑셈,KOSDAQ
70300,엑스큐어,엑스큐어,KOSDAQ
92870,엑시콘,엑시콘,KOSDAQ
317870,엔바이오니아,엔바이오니아,KOSDAQ
67570,엔브이에이치코리아,엔브이에이치코리아,KOSDAQ
236810,엔비티,엔비티,KOSDAQ
140610,엔솔바이오사이언스,엔솔바이오사이언스,KONEX
333620,엔시스,엔시스,KOSDAQ
101400,엔시트론,엔시트론,KOSDAQ
36570,엔씨소프트보통주,엔씨소프트,KOSPI
217820,엔에스,엔에스,KOSDAQ
31860,엔에스엔,엔에스엔,KOSDAQ
238170,엔에스엠,엔에스엠,KONEX
224760,엔에스컴퍼니,엔에스컴퍼니,KONEX
380440,엔에이치기업인수목적19호보통주,엔에이치스팩19호,KOSPI
391060,엔에이치기업인수목적20호,엔에이치스팩20호,KOSDAQ
391710,엔에이치기업인수목적21호,엔에이치스팩21호,KOSDAQ
396770,엔에이치기업인수목적22호,엔에이치스팩22호,KOSDAQ
422040,엔에이치기업인수목적23호,엔에이치스팩23호,KOSDAQ
104200,엔에이치엔벅스,NHN벅스,KOSDAQ
60250,엔에이치엔한국사이버결제,NHN한국사이버결제,KOSDAQ
400760,엔에이치올원리츠보통주,NH올원리츠,KOSPI
5945,엔에이치투자증권1우선주,NH투자증권우,KOSPI
5940,엔에이치투자증권보통주,NH투자증권,KOSPI
265740,엔에프씨,엔에프씨,KOSDAQ
53290,엔이능률,NE능률,KOSDAQ
354200,엔젠바이오,엔젠바이오,KOSDAQ
93510,엔지브이아이,엔지브이아이,KONEX
208860,엔지스테크널러지,엔지스테크널러지,KOSDAQ
183490,엔지켐생명과학,엔지켐생명과학,KOSDAQ
85310,엔케이 보통주,엔케이,KOSPI
182400,엔케이맥스,엔케이맥스,KOSDAQ
348370,엔켐,엔켐,KOSDAQ
69410,엔텔스,엔텔스,KOSDAQ
227950,엔투텍,엔투텍,KOSDAQ
291230,엔피,엔피,KOSDAQ
198080,엔피디,엔피디,KOSDAQ
48830,엔피케이,엔피케이,KOSDAQ
96870,엘디티,엘디티,KOSDAQ
276240,엘리비젼,엘리비젼,KONEX
900140,엘브이엠씨홀딩스보통주,엘브이엠씨홀딩스,KOSPI
376190,엘비루셈,엘비루셈,KOSDAQ
61970,엘비세미콘,엘비세미콘,KOSDAQ
138690,엘아이에스,엘아이에스,KOSDAQ
290650,엘앤씨바이오,엘앤씨바이오,KOSDAQ
66970,엘앤에프,엘앤에프,KOSDAQ
156100,엘앤케이바이오메드,엘앤케이바이오,KOSDAQ
229640,엘에스전선아시아보통주,LS전선아시아,KOSPI
311060,엘에이티,엘에이티,KONEX
108320,엘엑스세미콘,LX세미콘,KOSDAQ
108675,엘엑스하우시스1우선주,LX하우시스우,KOSPI
108670,엘엑스하우시스보통주,LX하우시스,KOSPI
38380K,엘엑스홀딩스1우선주,LX홀딩스1우,KOSPI
383800,엘엑스홀딩스보통주,LX홀딩스,KOSPI
73110,엘엠에스,엘엠에스,KOSDAQ
83310,엘오티베큠,엘오티베큠,KOSDAQ
37560,엘지헬로비전보통주,LG헬로비전,KOSPI
37950,엘컴텍,엘컴텍,KOSDAQ
170920,엘티씨,엘티씨,KOSDAQ
58630,엠게임,엠게임,KOSDAQ
58970,엠로,엠로,KOSDAQ
19590,엠벤처투자,엠벤처투자,KOSDAQ
97520,엠씨넥스보통주,엠씨넥스,KOSPI
179290,엠아이텍,엠아이텍,KOSDAQ
9780,엠에스씨,엠에스씨,KOSDAQ
123040,엠에스오토텍,엠에스오토텍,KOSDAQ
323230,엠에프엠코리아,엠에프엠코리아,KOSDAQ
33160,엠케이전자,엠케이전자,KOSDAQ
347890,엠투아이코퍼레이션,엠투아이,KOSDAQ
33310,엠투엔,엠투엔,KOSDAQ
259630,엠플러스,엠플러스,KOSDAQ
65150,엠피대산,엠피대산,KOSDAQ
115960,연우,연우,KOSDAQ
90740,연이비앤티,연이비앤티,KOSDAQ
60850,영림원소프트랩,영림원소프트랩,KOSDAQ
14440,영보화학보통주,영보화학,KOSPI
7530,영신금속공업,영신금속,KOSDAQ
143540,영우디에스피,영우디에스피,KOSDAQ
111770,영원무역보통주,영원무역,KOSPI
9970,영원무역홀딩스보통주,영원무역홀딩스,KOSPI
3520,영진약품보통주,영진약품,KOSPI
670,영풍보통주,영풍,KOSPI
36560,영풍정밀,영풍정밀,KOSDAQ
6740,영풍제지보통주,영풍제지,KOSPI
12280,영화금속보통주,영화금속,KOSPI
265560,영화테크,영화테크,KOSDAQ
12160,영흥보통주,영흥,KOSPI
36000,예림당,예림당,KOSDAQ
250930,예선테크,예선테크,KOSDAQ
53280,예스이십사,예스24,KOSDAQ
15360,예스코홀딩스보통주,예스코홀딩스,KOSPI
122640,예스티,예스티,KOSDAQ
900300,오가닉티코스메틱스홀딩스컴퍼니리미티드,오가닉티코스메틱,KOSDAQ
45060,오공,오공,KOSDAQ
80520,오디텍,오디텍,KOSDAQ
7310,오뚜기보통주,오뚜기,KOSPI
39830,오로라월드,오로라,KOSDAQ
322310,오로스테크놀로지,오로스테크놀로지,KOSDAQ
46120,오르비텍,오르비텍,KOSDAQ
14940,오리엔탈정공,오리엔탈정공,KOSDAQ
2630,오리엔트바이오보통주,오리엔트바이오,KOSPI
65500,오리엔트정공,오리엔트정공,KOSDAQ
271560,오리온보통주,오리온,KOSPI
1800,오리온홀딩스보통주,오리온홀딩스,KOSPI
10470,오리콤,오리콤,KOSDAQ
352910,오비고,오비고,KOSDAQ
53980,오상자이엘,오상자이엘,KOSDAQ
52420,오성첨단소재,오성첨단소재,KOSDAQ
241790,오션브릿지,오션브릿지,KOSDAQ
329020,오션스톤,오션스톤,KONEX
39200,오스코텍,오스코텍,KOSDAQ
31510,오스템,오스템,KOSDAQ
48260,오스템임플란트,오스템임플란트,KOSDAQ
138080,오이솔루션,오이솔루션,KOSDAQ
80580,오킨스전자,오킨스전자,KOSDAQ
67170,오텍,오텍,KOSDAQ
353590,오토앤,오토앤,KOSDAQ
173130,오파스넷,오파스넷,KOSDAQ
49480,오픈베이스,오픈베이스,KOSDAQ
309930,오하임아이엔티,오하임아이엔티,KOSDAQ
244460,올리패스,올리패스,KOSDAQ
226950,올릭스,올릭스,KOSDAQ
57540,옴니시스템,옴니시스템,KOSDAQ
131030,옵투스제약,옵투스제약,KOSDAQ
82210,옵트론텍,옵트론텍,KOSDAQ
109080,옵티시스,옵티시스,KOSDAQ
153710,옵티팜,옵티팜,KOSDAQ
51390,와이더블유,YW,KOSDAQ
321820,와이더플래닛,와이더플래닛,KOSDAQ
57030,와이비엠넷,YBM넷,KOSDAQ
122990,와이솔,와이솔,KOSDAQ
232140,와이아이케이,와이아이케이,KOSDAQ
65530,와이어블,와이어블,KOSDAQ
67900,와이엔텍,와이엔텍,KOSDAQ
155650,와이엠씨,와이엠씨,KOSDAQ
273640,와이엠텍,와이엠텍,KOSDAQ
251370,와이엠티,와이엠티,KOSDAQ
66430,와이오엠,와이오엠,KOSDAQ
193250,와이제이엠게임즈,와이제이엠게임즈,KOSDAQ
273060,와이즈버즈,와이즈버즈,KOSDAQ
19210,와이지-원,와이지-원,KOSDAQ
122870,와이지엔터테인먼트,와이지엔터테인먼트,KOSDAQ
37270,와이지플러스보통주,YG PLUS,KOSPI
11690,와이투솔루션보통주,와이투솔루션,KOSPI
40300,와이티엔,YTN,KOSDAQ
332570,와이팜,와이팜,KOSDAQ
79000,와토스 코리아,와토스코리아,KOSDAQ
316140,우리금융지주보통주,우리금융지주,KOSPI
32820,우리기술,우리기술,KOSDAQ
41190,우리기술투자,우리기술투자,KOSDAQ
115440,우리넷,우리넷,KOSDAQ
46970,우리로,우리로,KOSDAQ
82850,우리바이오,우리바이오,KOSDAQ
215360,우리산업,우리산업,KOSDAQ
72470,우리산업홀딩스,우리산업홀딩스,KOSDAQ
73560,우리손에프앤지 농업회사법인,우리손에프앤지,KOSDAQ
37400,우리엔터프라이즈,우리엔터프라이즈,KOSDAQ
153490,우리이앤엘,우리이앤엘,KOSDAQ
10050,우리종합금융보통주,우리종금,KOSPI
101170,우림피티에스,우림피티에스,KOSDAQ
6980,우성보통주,우성,KOSPI
66590,우수AMS,우수AMS,KOSDAQ
17370,우신시스템보통주,우신시스템,KOSPI
103840,우양,우양,KOSDAQ
46940,우원개발,우원개발,KOSDAQ
215380,우정바이오,우정바이오,KOSDAQ
65680,우주일렉트로닉스,우주일렉트로,KOSDAQ
105840,우진보통주,우진,KOSPI
18620,우진비앤지,우진비앤지,KOSDAQ
10400,우진아이엔에스보통주,우진아이엔에스,KOSPI
49800,우진플라임 보통주,우진플라임,KOSPI
16880,웅진보통주,웅진,KOSPI
95720,웅진씽크빅 보통주,웅진씽크빅,KOSPI
5820,원림보통주,원림,KOSPI
307280,원바이오젠,원바이오젠,KOSDAQ
53080,원방테크,원방테크,KOSDAQ
32940,원익,원익,KOSDAQ
104830,원익머트리얼즈,원익머트리얼즈,KOSDAQ
240810,원익아이피에스,원익IPS,KOSDAQ
14190,원익큐브,원익큐브,KOSDAQ
74600,원익큐엔씨,원익QnC,KOSDAQ
131390,원익피앤이,원익피앤이,KOSDAQ
30530,원익홀딩스,원익홀딩스,KOSDAQ
12620,원일특강,원일특강,KOSDAQ
382840,원준,원준,KOSDAQ
216280,원텍,원텍,KONEX
376980,원티드랩,원티드랩,KOSDAQ
122830,원포유,원포유,KONEX
8370,원풍,원풍,KOSDAQ
8290,원풍물산,원풍물산,KOSDAQ
101160,월덱스,월덱스,KOSDAQ
336060,웨이버스,웨이버스,KOSDAQ
95270,웨이브일렉트로닉스,웨이브일렉트로,KOSDAQ
10600,웰바이오텍보통주,웰바이오텍,KOSPI
65950,웰크론,웰크론,KOSDAQ
76080,웰크론한텍,웰크론한텍,KOSDAQ
196700,웹스,웹스,KOSDAQ
69080,웹젠,웹젠,KOSDAQ
53580,웹케시,웹케시,KOSDAQ
71460,위니아,위니아,KOSDAQ
377460,위니아에이드,위니아에이드,KOSDAQ
44340,위닉스,위닉스,KOSDAQ
330350,위더스제약,위더스제약,KOSDAQ
348350,위드텍,위드텍,KOSDAQ
112040,위메이드,위메이드,KOSDAQ
101730,위메이드맥스,위메이드맥스,KOSDAQ
123420,위메이드플레이,위메이드플레이,KOSDAQ
65370,위세아이텍,위세아이텍,KOSDAQ
140660,위월드 주식회사,위월드,KONEX
38620,위즈코프,위즈코프,KOSDAQ
299900,위지윅스튜디오,위지윅스튜디오,KOSDAQ
36090,위지트,위지트,KOSDAQ
136540,윈스,윈스,KOSDAQ
320000,윈텍,윈텍,KOSDAQ
97800,윈팩,윈팩,KOSDAQ
192390,윈하이텍,윈하이텍,KOSDAQ
313760,윌링스,윌링스,KOSDAQ
8600,윌비스보통주,윌비스,KOSPI
900340,윙입푸드홀딩스,윙입푸드,KOSDAQ
64510,유네코,유네코,KOSDAQ
14830,유니드 보통주,유니드,KOSPI
36200,유니셈,유니셈,KOSDAQ
18000,유니슨,유니슨,KOSDAQ
47400,유니온머티리얼보통주,유니온머티리얼,KOSPI
910,유니온보통주,유니온,KOSPI
203450,유니온커뮤니티,유니온커뮤니티,KOSDAQ
11330,유니켐보통주,유니켐,KOSPI
77500,유니퀘스트 보통주,유니퀘스트,KOSPI
11320,유니크,유니크,KOSDAQ
86390,유니테스트,유니테스트,KOSDAQ
241690,유니테크노,유니테크노,KOSDAQ
142210,유니트론텍,유니트론텍,KOSDAQ
121060,유니포인트,유니포인트,KONEX
48430,유라테크,유라테크,KOSDAQ
206650,유바이오로직스,유바이오로직스,KOSDAQ
89850,유비벨록스,유비벨록스,KOSDAQ
32620,유비케어,유비케어,KOSDAQ
264450,유비쿼스,유비쿼스,KOSDAQ
78070,유비쿼스홀딩스,유비쿼스홀딩스,KOSDAQ
2920,유성기업보통주,유성기업,KOSPI
24800,유성티엔에스,유성티엔에스,KOSDAQ
700,유수홀딩스보통주,유수홀딩스,KOSPI
54930,유신,유신,KOSDAQ
38340,유씨아이,UCI,KOSDAQ
69330,유아이디,유아이디,KOSDAQ
49520,유아이엘,유아이엘,KOSDAQ
367460,유안타제7호기업인수목적,유안타제7호스팩,KOSDAQ
367480,유안타제8호기업인수목적,유안타제8호스팩,KOSDAQ
3475,유안타증권1우선주,유안타증권우,KOSPI
3470,유안타증권보통주,유안타증권,KOSPI
263770,유에스티,유에스티,KOSDAQ
337840,유엑스엔,유엑스엔,KONEX
72130,유엔젤보통주,유엔젤,KOSPI
225,유유제약1우선주,유유제약1우,KOSPI
227,유유제약2우선주(신형),유유제약2우B,KOSPI
220,유유제약보통주,유유제약,KOSPI
388720,유일로보틱스,유일로보틱스,KOSDAQ
340930,유일에너테크,유일에너테크,KOSDAQ
23410,유진기업,유진기업,KOSDAQ
373340,유진기업인수목적6호,유진스팩6호,KOSDAQ
388800,유진기업인수목적7호,유진스팩7호,KOSDAQ
413630,유진기업인수목적8호,유진스팩8호,KOSDAQ
56080,유진로봇,유진로봇,KOSDAQ
84370,유진테크,유진테크,KOSDAQ
1200,유진투자증권보통주,유진투자증권,KOSPI
178780,유테크,유테크,KOSDAQ
221800,유투바이오,유투바이오,KONEX
179900,유티아이,유티아이,KOSDAQ
263050,유틸렉스,유틸렉스,KOSDAQ
105,유한양행1우선주,유한양행우,KOSPI
100,유한양행보통주,유한양행,KOSPI
3465,유화증권1우선주,유화증권우,KOSPI
3460,유화증권보통주,유화증권,KOSPI
191410,육일씨엔에쓰,육일씨엔에쓰,KOSDAQ
8730,율촌화학보통주,율촌화학,KOSPI
72770,율호,율호,KOSDAQ
8250,이건산업보통주,이건산업,KOSPI
39020,이건홀딩스,이건홀딩스,KOSDAQ
25820,이구산업보통주,이구산업,KOSPI
67920,이글루코퍼레이션,이글루,KOSDAQ
44960,이글벳,이글벳,KOSDAQ
303530,이노뎁,이노뎁,KOSDAQ
302430,이노메트리,이노메트리,KOSDAQ
279060,이노벡스,이노벡스,KONEX
214320,이노션보통주,이노션,KOSPI
73490,이노와이어리스,이노와이어리스,KOSDAQ
215790,이노인스트루먼트,이노인스트루먼트,KOSDAQ
344860,이노진,이노진,KONEX
246960,이노테라피,이노테라피,KOSDAQ
88390,이녹스,이녹스,KOSDAQ
272290,이녹스첨단소재,이녹스첨단소재,KOSDAQ
53350,이니텍,이니텍,KOSDAQ
41520,이라이콤,이라이콤,KOSDAQ
264850,이랜시스,이랜시스,KOSDAQ
54210,이랜텍,이랜텍,KOSDAQ
164060,이루다,이루다,KOSDAQ
65440,이루온,이루온,KOSDAQ
88260,이리츠코크렙기업구조조정부동산투자회사보통주,이리츠코크렙,KOSPI
139480,이마트보통주,이마트,KOSPI
115610,이미지스테크놀로지,이미지스,KOSDAQ
349720,이베스트기업인수목적5호,이베스트스팩5호,KOSDAQ
78020,이베스트투자증권,이베스트투자증권,KOSDAQ
84180,이브이수성,EV수성,KOSDAQ
131400,이브이첨단소재,이브이첨단소재,KOSDAQ
208850,이비테크,이비테크,KONEX
351330,이삭엔지니어링,이삭엔지니어링,KOSDAQ
80010,이상네트웍스,이상네트웍스,KOSDAQ
379390,이성씨엔아이,이성씨엔아이,KONEX
86890,이수앱지스,이수앱지스,KOSDAQ
7660,이수페타시스보통주,이수페타시스,KOSPI
5950,이수화학보통주,이수화학,KOSPI
15020,이스타코보통주,이스타코,KOSPI
47560,이스트소프트,이스트소프트,KOSDAQ
900110,이스트아시아홀딩스인베스트먼트리미티드,이스트아시아홀딩스,KOSDAQ
67010,이씨에스텔레콤,이씨에스,KOSDAQ
93230,이아이디보통주,이아이디,KOSPI
341310,이앤에치,이앤에치,KONEX
101360,이엔드디,이엔드디,KOSDAQ
102710,이엔에프테크놀로지,이엔에프테크놀로지,KOSDAQ
66980,이엔코퍼레이션,이엔코퍼레이션,KOSDAQ
74610,이엔플러스보통주,이엔플러스,KOSPI
63760,이엘피,이엘피,KOSDAQ
123570,이엠넷,이엠넷,KOSDAQ
278990,이엠비,EMB,KONEX
83470,이엠앤아이,이엠앤아이,KOSDAQ
95190,이엠코리아,이엠코리아,KOSDAQ
91120,이엠텍,이엠텍,KOSDAQ
232530,이엠티,이엠티,KONEX
102460,이연제약보통주,이연제약,KOSPI
39030,이오테크닉스,이오테크닉스,KOSDAQ
294090,이오플로우,이오플로우,KOSDAQ
245620,이원다이애그노믹스,EDGC,KOSDAQ
88290,이원컴포텍,이원컴포텍,KOSDAQ
84680,이월드보통주,이월드,KOSPI
181340,이즈미디어,이즈미디어,KOSDAQ
37370,이지,EG,KOSDAQ
353810,이지바이오,이지바이오,KOSDAQ
350520,이지스레지던스리츠보통주,이지스레지던스리츠,KOSPI
334890,이지스밸류플러스리츠보통주,이지스밸류리츠,KOSPI
99750,이지케어텍,이지케어텍,KOSDAQ
377330,이지트로닉스,이지트로닉스,KOSDAQ
35810,이지홀딩스,이지홀딩스,KOSDAQ
160600,이큐셀,이큐셀,KOSDAQ
92130,이크레더블,이크레더블,KOSDAQ
96040,이트론,이트론,KOSDAQ
134060,이퓨쳐,이퓨쳐,KOSDAQ
1840,이화공영,이화공영,KOSDAQ
760,이화산업보통주,이화산업,KOSPI
24810,이화전기공업,이화전기,KOSDAQ
14990,인디에프보통주,인디에프,KOSPI
41830,인바디,인바디,KOSDAQ
352940,인바이오,인바이오,KOSDAQ
101140,인바이오젠보통주,인바이오젠,KOSPI
216400,인바이츠바이오코아,인바이츠바이오코아,KONEX
79950,인베니아,인베니아,KOSDAQ
277410,인산가,인산가,KOSDAQ
60150,인선이엔티,인선이엔티,KOSDAQ
33230,인성정보,인성정보,KOSDAQ
6490,인스코비보통주,인스코비,KOSPI
37330,인지디스플레이,인지디스플레,KOSDAQ
23800,인지컨트롤스보통주,인지컨트롤스,KOSPI
34590,인천도시가스 보통주,인천도시가스,KOSPI
211050,인카금융서비스,인카금융서비스,KOSDAQ
83640,인콘,인콘,KOSDAQ
216050,인크로스,인크로스,KOSDAQ
49070,인탑스,인탑스,KOSDAQ
119610,인터로조,인터로조,KOSDAQ
17250,인터엠,인터엠,KOSDAQ
129260,인터지스보통주,인터지스,KOSPI
51370,인터플렉스,인터플렉스,KOSDAQ
64290,인텍플러스,인텍플러스,KOSDAQ
189300,인텔리안테크놀로지스,인텔리안테크,KOSDAQ
150840,인트로메딕,인트로메딕,KOSDAQ
48530,인트론바이오테크놀로지,인트론바이오,KOSDAQ
23810,인팩보통주,인팩,KOSPI
175140,인포마크,인포마크,KOSDAQ
115310,인포바인,인포바인,KOSDAQ
39290,인포뱅크,인포뱅크,KOSDAQ
71200,인피니트헬스케어,인피니트헬스케어,KOSDAQ
101930,인화정공,인화정공,KOSDAQ
249420,일동제약보통주,일동제약,KOSPI
230,일동홀딩스보통주,일동홀딩스,KOSPI
13360,일성건설보통주,일성건설,KOSPI
3120,일성신약보통주,일성신약,KOSPI
333430,일승,일승,KOSDAQ
68330,일신바이오베이스,일신바이오,KOSDAQ
3200,일신방직보통주,일신방직,KOSPI
7110,일신석재보통주,일신석재,KOSPI
58450,일야,일야,KOSDAQ
7575,일양약품1우선주,일양약품우,KOSPI
7570,일양약품보통주,일양약품,KOSPI
8500,일정실업보통주,일정실업,KOSPI
19540,일지테크,일지테크,KOSDAQ
81000,일진다이아몬드 보통주,일진다이아,KOSPI
20760,일진디스플레이보통주,일진디스플,KOSPI
20150,일진머티리얼즈보통주,일진머티리얼즈,KOSPI
103590,일진전기 보통주,일진전기,KOSPI
94820,일진파워,일진파워,KOSDAQ
271940,일진하이솔루스보통주,일진하이솔루스,KOSPI
15860,일진홀딩스보통주,일진홀딩스,KOSPI
226320,잇츠한불보통주,잇츠한불,KOSPI
950140,잉글우드랩,잉글우드랩,KOSDAQ
49550,잉크테크,잉크테크,KOSDAQ
254120,자비스,자비스,KOSDAQ
43910,자연과 환경,자연과환경,KOSDAQ
234920,자이글,자이글,KOSDAQ
289220,자이언트스텝,자이언트스텝,KOSDAQ
317400,자이에스앤디보통주,자이에스앤디,KOSPI
33240,자화전자보통주,자화전자,KOSPI
174880,장원테크,장원테크,KOSDAQ
49630,재영솔루텍,재영솔루텍,KOSDAQ
950,전방보통주,전방,KOSPI
110020,전진바이오팜,전진바이오팜,KOSDAQ
208140,정다운,정다운,KOSDAQ
40420,정상제이엘에스,정상제이엘에스,KOSDAQ
45510,정원엔시스,정원엔시스,KOSDAQ
217190,제너셈,제너셈,KOSDAQ
95700,제넥신,제넥신,KOSDAQ
72520,제넨바이오,제넨바이오,KOSDAQ
122310,제노레이,제노레이,KOSDAQ
361390,제노코,제노코,KOSDAQ
66830,제노텍,제노텍,KONEX
225220,제놀루션,제놀루션,KOSDAQ
123330,제닉,제닉,KOSDAQ
159580,제로투세븐,제로투세븐,KOSDAQ
147830,제룡산업,제룡산업,KOSDAQ
33100,제룡전기,제룡전기,KOSDAQ
79370,제우스,제우스,KOSDAQ
67290,제이더블유신약,JW신약,KOSDAQ
54950,제이브이엠,제이브이엠,KOSDAQ
23440,제이스코홀딩스,제이스코홀딩스,KOSDAQ
90470,제이스텍,제이스텍,KOSDAQ
287410,제이시스메디칼,제이시스메디칼,KOSDAQ
137950,제이씨케미칼,제이씨케미칼,KOSDAQ
33320,제이씨현시스템,제이씨현시스템,KOSDAQ
348950,제이알글로벌리츠보통주,제이알글로벌리츠,KOSPI
204270,제이앤티씨,제이앤티씨,KOSDAQ
194370,제이에스코퍼레이션보통주,제이에스코퍼레이션,KOSPI
26040,제이에스티나,제이에스티나,KOSDAQ
126880,제이엔케이히터,제이엔케이히터,KOSDAQ
322510,제이엘케이,제이엘케이,KOSDAQ
254160,제이엠멀티,제이엠멀티,KONEX
33050,제이엠아이,제이엠아이,KOSDAQ
94970,제이엠티,제이엠티,KOSDAQ
35900,제이와이피엔터테인먼트,JYP Ent.,KOSDAQ
58420,제이웨이,제이웨이,KOSDAQ
25620,제이준코스메틱보통주,제이준코스메틱,KOSPI
89790,제이티,제이티,KOSDAQ
950170,제이티씨,JTC,KOSDAQ
30000,제일기획보통주,제일기획,KOSPI
52670,제일바이오,제일바이오,KOSDAQ
271980,제일약품보통주,제일약품,KOSPI
1560,제일연마공업보통주,제일연마,KOSPI
199820,제일전기공업,제일전기공업,KOSDAQ
38010,제일테크노스,제일테크노스,KOSDAQ
2620,제일파마홀딩스보통주,제일파마홀딩스,KOSPI
276730,제주맥주,제주맥주,KOSDAQ
80220,제주반도체,제주반도체,KOSDAQ
6220,제주은행보통주,제주은행,KOSPI
89590,제주항공보통주,제주항공,KOSPI
216080,제테마,제테마,KOSDAQ
229000,젠큐릭스,젠큐릭스,KOSDAQ
248020,젬,젬,KONEX
82270,젬백스&카엘,젬백스,KOSDAQ
64800,젬백스링크,젬백스링크,KOSDAQ
44060,조광아이엘아이,조광ILI,KOSDAQ
4910,조광페인트보통주,조광페인트,KOSPI
4700,조광피혁보통주,조광피혁,KOSPI
1550,조비보통주,조비,KOSPI
480,조선내화보통주,조선내화,KOSPI
120030,조선선재 보통주,조선선재,KOSPI
34940,조아제약,조아제약,KOSDAQ
67000,조이시티,조이시티,KOSDAQ
18470,조일알미늄보통주,조일알미늄,KOSPI
2600,조흥보통주,조흥,KOSPI
63160,종근당바이오보통주,종근당바이오,KOSPI
185750,종근당보통주,종근당,KOSPI
1630,종근당홀딩스보통주,종근당홀딩스,KOSPI
33340,좋은사람들,좋은사람들,KOSDAQ
36930,주성엔지니어링,주성엔지니어링,KOSDAQ
185190,주식회사 수프로,수프로,KONEX
357580,주식회사 아모센스,아모센스,KOSDAQ
86460,주식회사 에스엔피제네틱스,에스엔피제네틱스,KONEX
226400,주식회사 오스테오닉,오스테오닉,KOSDAQ
70960,주식회사 용평리조트,용평리조트,KOSPI
84440,주식회사 유비온,유비온,KONEX
187420,주식회사 제노포커스,제노포커스,KOSDAQ
189350,주식회사 코셋,코셋,KONEX
23450,주식회사동남합성,동남합성,KOSPI
2380,주식회사케이씨씨,KCC,KOSPI
44380,주연테크 보통주,주연테크,KOSPI
239340,줌인터넷,줌인터넷,KOSDAQ
24110,중소기업은행보통주,기업은행,KOSPI
51980,중앙디앤엠,중앙디앤엠,KOSDAQ
72020,중앙백신연구소,중앙백신,KOSDAQ
440,중앙에너비스,중앙에너비스,KOSDAQ
78650,지나인제약,지나인제약,KOSDAQ
228760,지노믹트리,지노믹트리,KOSDAQ
314130,지놈앤컴퍼니,지놈앤컴퍼니,KOSDAQ
13890,지누스보통주,지누스,KOSPI
389030,지니너스,지니너스,KOSDAQ
43610,지니뮤직,지니뮤직,KOSDAQ
263860,지니언스,지니언스,KOSDAQ
303030,지니틱스,지니틱스,KOSDAQ
36180,지더블유바이텍,지더블유바이텍,KOSDAQ
208350,지란지교시큐리티,지란지교시큐리티,KOSDAQ
144510,지씨셀,지씨셀,KOSDAQ
382480,지아이텍,지아이텍,KOSDAQ
382800,지앤비에스엔지니어링,지앤비에스엔지니어링,KOSDAQ
299480,지앤이헬스케어,지앤이헬스케어,KONEX
51160,지어소프트,지어소프트,KOSDAQ
1250,지에스글로벌보통주,GS글로벌,KOSPI
7070,지에스리테일보통주,GS리테일,KOSPI
53050,지에스이,지에스이,KOSDAQ
130500,지에이치신소재,GH신소재,KOSDAQ
119850,지엔씨에너지,지엔씨에너지,KOSDAQ
270520,지엔원에너지,지엔원에너지,KOSDAQ
65060,지엔코,지엔코,KOSDAQ
204840,지엘팜텍,지엘팜텍,KOSDAQ
13870,지엠비코리아보통주,지엠비코리아,KOSPI
71320,지역난방공사보통주,지역난방공사,KOSPI
135160,지오씨,지오씨,KONEX
311320,지오엘리먼트,지오엘리먼트,KOSDAQ
35000,지투알보통주,지투알,KOSPI
388050,지투파워,지투파워,KOSDAQ
219750,지티지웰니스,지티지웰니스,KOSDAQ
88790,진도 보통주,진도,KOSPI
18120,진로발효,진로발효,KOSDAQ
109820,진매트릭스,진매트릭스,KOSDAQ
86060,진바이오텍,진바이오텍,KOSDAQ
36890,진성티이씨,진성티이씨,KOSDAQ
363250,진시스템,진시스템,KOSDAQ
3780,진양산업보통주,진양산업,KOSPI
7370,진양제약,진양제약,KOSDAQ
10640,진양폴리우레탄보통주,진양폴리,KOSPI
100250,진양홀딩스보통주,진양홀딩스,KOSPI
51630,진양화학보통주,진양화학,KOSPI
272450,진에어보통주,진에어,KOSPI
11000,진원생명과학보통주,진원생명과학,KOSPI
250030,진코스텍,진코스텍,KONEX
2785,진흥기업1우선주(신형),진흥기업우B,KOSPI
2787,진흥기업2우선주(신형),진흥기업2우B,KOSPI
2780,진흥기업보통주,진흥기업,KOSPI
233990,질경이,질경이,KONEX
85660,차바이오텍,차바이오텍,KOSDAQ
261780,차백신연구소,차백신연구소,KOSDAQ
900250,차이나크리스탈신소재홀딩스,크리스탈신소재,KOSDAQ
9310,참엔지니어링보통주,참엔지니어링,KOSPI
158310,참존글로벌,참존글로벌,KOSDAQ
94850,참좋은여행,참좋은여행,KOSDAQ
4650,창해에탄올,창해에탄올,KOSDAQ
278280,천보,천보,KOSDAQ
650,천일고속보통주,천일고속,KOSPI
140290,청광건설 주식회사,청광건설,KONEX
362320,청담글로벌,청담글로벌,KOSDAQ
66360,체리부로,체리부로,KOSDAQ
33250,체시스보통주,체시스,KOSPI
47820,초록뱀미디어,초록뱀미디어,KOSDAQ
52300,초록뱀컴퍼니,초록뱀컴퍼니,KOSDAQ
118000,초록뱀헬스케어보통주,초록뱀헬스케어,KOSPI
94360,칩스앤미디어,칩스앤미디어,KOSDAQ
16920,카스,카스,KOSDAQ
284620,카이노스메드,카이노스메드,KOSDAQ
293490,카카오게임즈,카카오게임즈,KOSDAQ
323410,카카오뱅크보통주,카카오뱅크,KOSPI
35720,카카오보통주,카카오,KOSPI
377300,카카오페이보통주,카카오페이,KOSPI
42000,카페24,카페24,KOSDAQ
6380,카프로보통주,카프로,KOSPI
317530,캐리소프트,캐리소프트,KOSDAQ
71850,캐스텍코리아,캐스텍코리아,KOSDAQ
50110,캠시스,캠시스,KOSDAQ
223310,커머스마이너,커머스마이너,KOSDAQ
109070,컨버즈보통주,컨버즈,KOSPI
900310,컬러레이홀딩스,컬러레이,KOSDAQ
78340,컴투스,컴투스,KOSDAQ
63080,컴투스홀딩스,컴투스홀딩스,KOSDAQ
307930,컴퍼니케이파트너스,컴퍼니케이,KOSDAQ
79190,케스피온,케스피온,KOSDAQ
263700,케어랩스,케어랩스,KOSDAQ
214370,케어젠,케어젠,KOSDAQ
221980,케이디켐,케이디켐,KOSDAQ
900280,케이만금세기차륜집단유한공사,골든센츄리,KOSDAQ
1620,케이비아이동국실업보통주,케이비아이동국실업,KOSPI
24840,케이비아이메탈,KBI메탈,KOSDAQ
342550,케이비제20호기업인수목적,케이비제20호스팩,KOSDAQ
424140,케이비제21호기업인수목적,케이비제21호스팩,KOSDAQ
318000,케이비지,KBG,KOSDAQ
192250,케이사인,케이사인,KOSDAQ
9440,케이씨그린홀딩스보통주,KC그린홀딩스,KOSPI
29460,케이씨보통주,케이씨,KOSPI
112190,케이씨산업,KC산업,KONEX
21320,케이씨씨건설,KCC건설,KOSDAQ
344820,케이씨씨글라스보통주,KCC글라스,KOSPI
36670,케이씨아이,KCI,KOSDAQ
115500,케이씨에스,케이씨에스,KOSDAQ
119650,케이씨코트렐보통주,KC코트렐,KOSPI
281820,케이씨텍보통주,케이씨텍,KOSPI
89150,케이씨티,케이씨티,KOSDAQ
25880,케이씨피드,케이씨피드,KOSDAQ
93320,케이아이엔엑스,케이아이엔엑스,KOSDAQ
44450,케이에스에스 해운 보통주,KSS해운,KOSPI
73010,케이에스피,케이에스피,KOSDAQ
226360,케이에이치건설,KH 건설,KOSDAQ
60720,케이에이치바텍,KH바텍,KOSDAQ
111870,케이에이치전자,KH 전자,KOSDAQ
105330,케이엔더블유,케이엔더블유,KOSDAQ
58400,케이엔엔,KNN,KOSDAQ
272110,케이엔제이,케이엔제이,KOSDAQ
39420,케이엘넷,케이엘넷,KOSDAQ
83550,케이엠,케이엠,KOSDAQ
32500,케이엠더블유,케이엠더블유,KOSDAQ
122450,케이엠에이치,KMH,KOSDAQ
52900,케이엠에이치하이텍,KMH하이텍,KOSDAQ
225430,케이엠제약,케이엠제약,KOSDAQ
102370,케이옥션,케이옥션,KOSDAQ
92220,케이이씨 보통주,KEC,KOSPI
46440,케이지모빌리언스,KG모빌리언스,KOSDAQ
35600,케이지이니시스,KG이니시스,KOSDAQ
151860,케이지이티에스,KG ETS,KOSDAQ
381970,케이카보통주,케이카,KOSPI
145270,케이탑리츠보통주,케이탑리츠,KOSPI
30200,케이티보통주,KT,KOSPI
60370,케이티서브마린,KT서브마린,KOSDAQ
53210,케이티스카이라이프,스카이라이프,KOSPI
58850,케이티씨에스보통주,KTcs,KOSPI
58860,케이티아이에스보통주,KTis,KOSPI
36030,케이티알파,케이티알파,KOSDAQ
33780,케이티앤지보통주,KT&G,KOSPI
64820,케이프,케이프,KOSDAQ
347140,케이프이에스제4호기업인수목적,케이프이에스제4호,KOSDAQ
256940,케이피에스,케이피에스,KOSDAQ
24880,케이피에프,케이피에프,KOSDAQ
114450,케이피엑스라이프사이언스,KPX생명과학,KOSDAQ
42040,케이피엠테크,케이피엠테크,KOSDAQ
54410,케이피티유,케이피티유,KOSDAQ
258610,케일럼,케일럼,KOSDAQ
274090,켄코아에어로스페이스,켄코아에어로스페이스,KOSDAQ
402420,켈스,켈스,KONEX
217600,켐온,켐온,KOSDAQ
89010,켐트로닉스,켐트로닉스,KOSDAQ
220260,켐트로스,켐트로스,KOSDAQ
176590,코나솔,코나솔,KONEX
52400,코나아이,코나아이,KOSDAQ
46070,코다코,코다코,KOSDAQ
47770,코데즈컴바인,코데즈컴바인,KOSDAQ
78940,코드네이처,코드네이처,KOSDAQ
80530,코디,코디,KOSDAQ
224060,코디엠,코디엠,KOSDAQ
417310,코람코더원리츠보통주,코람코더원리츠,KOSPI
357120,코람코에너지플러스리츠보통주,코람코에너지리츠,KOSPI
104540,코렌텍,코렌텍,KOSDAQ
27050,코리아나화장품,코리아나,KOSDAQ
290510,코리아센터,코리아센터,KOSDAQ
7815,코리아써키트1우선주,코리아써우,KOSPI
00781K,코리아써키트2우선주(신형),코리아써키트2우B,KOSPI
7810,코리아써키트보통주,코리아써키트,KOSPI
190650,코리아에셋투자증권,코리아에셋투자증권,KOSDAQ
101670,코리아에스이,코리아에스이,KOSDAQ
123410,코리아에프티,코리아에프티,KOSDAQ
3690,코리안리재보험보통주,코리안리,KOSPI
36690,코맥스,코맥스,KOSDAQ
49430,코메론,코메론,KOSDAQ
183300,코미코,코미코,KOSDAQ
41960,코미팜,코미팜,KOSDAQ
89890,코세스,코세스,KOSDAQ
9730,코센,코센,KOSDAQ
82660,코스나인,코스나인,KOSDAQ
192820,코스맥스보통주,코스맥스,KOSPI
44820,코스맥스비티아이 주식회사 보통주,코스맥스비티아이,KOSPI
222040,코스맥스엔비티,코스맥스엔비티,KOSDAQ
241710,코스메카코리아,코스메카코리아,KOSDAQ
5070,코스모신소재보통주,코스모신소재,KOSPI
5420,코스모화학보통주,코스모화학,KOSPI
69110,코스온,코스온,KOSDAQ
169670,코스텍시스템,코스텍시스템,KONEX
71950,코아스보통주,코아스,KOSPI
166480,코아스템,코아스템,KOSDAQ
45970,코아시아,코아시아,KOSDAQ
196450,코아시아옵틱스,코아시아옵틱스,KOSDAQ
29960,코엔텍,코엔텍,KOSDAQ
2025,코오롱1우선주,코오롱우,KOSPI
3075,코오롱글로벌1우선주,코오롱글로벌우,KOSPI
3070,코오롱글로벌보통주,코오롱글로벌,KOSPI
2020,코오롱보통주,코오롱,KOSPI
102940,코오롱생명과학,코오롱생명과학,KOSDAQ
120115,코오롱인더스트리1우선주,코오롱인더우,KOSPI
120110,코오롱인더스트리보통주,코오롱인더,KOSPI
950160,코오롱티슈진,코오롱티슈진,KOSDAQ
138490,코오롱플라스틱보통주,코오롱플라스틱,KOSPI
56000,코원플레이,코원플레이,KOSDAQ
21240,코웨이보통주,코웨이,KOSPI
33290,코웰패션,코웰패션,KOSDAQ
56360,코위버,코위버,KOSDAQ
282880,코윈테크,코윈테크,KOSDAQ
121850,코이즈,코이즈,KOSDAQ
15710,코콤,코콤,KOSDAQ
52330,코텍,코텍,KOSDAQ
322780,코퍼스코리아,코퍼스코리아,KOSDAQ
126600,코프라,코프라,KOSDAQ
36420,콘텐트리중앙보통주,콘텐트리중앙,KOSPI
200130,콜마비앤에이치,콜마비앤에이치,KOSDAQ
31820,콤텍시스템보통주,콤텍시스템,KOSPI
294570,쿠콘,쿠콘,KOSDAQ
192400,쿠쿠홀딩스보통주,쿠쿠홀딩스,KOSPI
284740,쿠쿠홈시스보통주,쿠쿠홈시스,KOSPI
317690,퀀타매트릭스,퀀타매트릭스,KOSDAQ
365270,큐라클,큐라클,KOSDAQ
60280,큐렉소,큐렉소,KOSDAQ
15590,큐로보통주,큐로,KOSPI
40350,큐로컴,큐로컴,KOSDAQ
51780,큐로홀딩스,큐로홀딩스,KOSDAQ
115180,큐리언트,큐리언트,KOSDAQ
182360,큐브엔터테인먼트,큐브엔터,KOSDAQ
66310,큐에스아이,큐에스아이,KOSDAQ
136660,큐엠씨,큐엠씨,KONEX
16600,큐캐피탈파트너스,큐캐피탈,KOSDAQ
26490K,크라운제과1우선주,크라운제과우,KOSPI
264900,크라운제과보통주,크라운제과,KOSPI
5745,크라운해태홀딩스1우선주,크라운해태홀딩스우,KOSPI
5740,크라운해태홀딩스보통주,크라운해태홀딩스,KOSPI
259960,크래프톤보통주,크래프톤,KOSPI
96240,크레버스,크레버스,KOSDAQ
215570,크로넥스,크로넥스,KONEX
43590,크로바하이텍,크로바하이텍,KOSDAQ
114120,크루셜텍,크루셜텍,KOSDAQ
110790,크리스에프앤씨,크리스에프앤씨,KOSDAQ
83790,크리스탈지노믹스,크리스탈지노믹스,KOSDAQ
45520,크린앤사이언스,크린앤사이언스,KOSDAQ
36170,클라우드에어,클라우드에어,KOSDAQ
214150,클래시스,클래시스,KOSDAQ
352770,클리노믹스,클리노믹스,KOSDAQ
237880,클리오,클리오,KOSDAQ
139670,키네마스터,키네마스터,KOSDAQ
20120,키다리스튜디오보통주,키다리스튜디오,KOSPI
413600,키움제6호기업인수목적,키움제6호스팩,KOSDAQ
39490,키움증권보통주,키움증권,KOSPI
54780,키이스트,키이스트,KOSDAQ
336040,타스컴,타스컴,KONEX
219130,타이거일렉,타이거일렉,KOSDAQ
318660,타임기술,타임기술,KONEX
180060,탑선,탑선,KONEX
65130,탑엔지니어링,탑엔지니어링,KOSDAQ
134580,탑코미디어,탑코미디어,KOSDAQ
14580,태경비케이보통주,태경비케이,KOSPI
15890,태경산업보통주,태경산업,KOSPI
6890,태경케미컬보통주,태경케미컬,KOSPI
23160,태광,태광,KOSDAQ
3240,태광산업보통주,태광산업,KOSPI
11280,태림포장보통주,태림포장,KOSPI
53620,태양,태양,KOSDAQ
4105,태양금속공업1우선주,태양금속우,KOSPI
4100,태양금속공업보통주,태양금속,KOSPI
116100,태양기계 주식회사,태양기계,KONEX
9410,태영건설보통주,태영건설,KOSPI
9415,태영건설우선주,태영건설우,KOSPI
44490,태웅,태웅,KOSDAQ
124560,태웅로직스,태웅로직스,KOSDAQ
1420,태원물산보통주,태원물산,KOSPI
7980,태평양물산보통주,태평양물산,KOSPI
191420,테고사이언스,테고사이언스,KOSDAQ
73640,테라사이언스,테라사이언스,KOSDAQ
182690,테라셈,테라셈,KOSDAQ
66700,테라젠이텍스,테라젠이텍스,KOSDAQ
95610,테스,테스,KOSDAQ
55490,테이팩스보통주,테이팩스,KOSPI
308700,테크엔,테크엔,KONEX
89030,테크윙,테크윙,KOSDAQ
258050,테크트랜스,테크트랜스,KONEX
54450,텔레칩스,텔레칩스,KOSDAQ
91440,텔레필드,텔레필드,KOSDAQ
78000,텔코웨어 보통주,텔코웨어,KOSPI
200230,텔콘알에프제약,텔콘RF제약,KOSDAQ
214420,토니모리보통주,토니모리,KOSPI
393210,토마토시스템,토마토시스템,KONEX
215480,토박스코리아,토박스코리아,KOSDAQ
51360,토비스,토비스,KOSDAQ
45340,토탈소프트뱅크,토탈소프트,KOSDAQ
108230,톱텍,톱텍,KOSDAQ
79970,투비소프트,투비소프트,KOSDAQ
199800,툴젠,툴젠,KOSDAQ
105550,트루윈,트루윈,KOSDAQ
290090,트윔,트윔,KOSDAQ
26150,특수건설,특수건설,KOSDAQ
322180,티라유텍,티라유텍,KOSDAQ
117730,티로보틱스,티로보틱스,KOSDAQ
33830,티비씨,티비씨,KOSDAQ
57680,티사이언티픽,티사이언티픽,KOSDAQ
64760,티씨케이,티씨케이,KOSDAQ
246710,티앤알바이오팹,티앤알바이오팹,KOSDAQ
340570,티앤엘,티앤엘,KOSDAQ
43220,티에스넥스젠,티에스넥스젠,KOSDAQ
277880,티에스아이,티에스아이,KOSDAQ
131290,티에스이,티에스이,KOSDAQ
246690,티에스인베스트먼트,TS인베스트먼트,KOSDAQ
317240,티에스트릴리온,TS트릴리온,KOSDAQ
19180,티에이치엔보통주,티에이치엔,KOSPI
356860,티엘비,티엘비,KOSDAQ
62860,티엘아이,티엘아이,KOSDAQ
2900,티와이엠보통주,TYM,KOSPI
36328K,티와이홀딩스1우선주,티와이홀딩스우,KOSPI
363280,티와이홀딩스보통주,티와이홀딩스,KOSPI
321550,티움바이오,티움바이오,KOSDAQ
91810,티웨이항공보통주,티웨이항공,KOSPI
4870,티웨이홀딩스보통주,티웨이홀딩스,KOSPI
32540,티제이미디어,TJ미디어,KOSDAQ
22220,티케이지애강,TKG애강,KOSDAQ
69260,티케이지휴켐스보통주,TKG휴켐스,KOSPI
104480,티케이케미칼,티케이케미칼,KOSDAQ
81150,티플랙스,티플랙스,KOSDAQ
130740,티피씨,티피씨글로벌,KOSDAQ
48770,티피씨메카트로닉스,TPC,KOSDAQ
217880,틸론,틸론,KONEX
84730,팅크웨어,팅크웨어,KOSDAQ
46210,파나진,파나진,KOSDAQ
58530,파나케이아,파나케이아,KOSDAQ
34230,파라다이스,파라다이스,KOSDAQ
33540,파라텍,파라텍,KOSDAQ
43200,파루,파루,KOSDAQ
214450,파마리서치,파마리서치,KOSDAQ
217950,파마리서치바이오,파마리서치바이오,KONEX
208340,파멥신,파멥신,KOSDAQ
5690,파미셀보통주,파미셀,KOSPI
177830,파버나인,파버나인,KOSDAQ
37070,파세코,파세코,KOSDAQ
150900,파수,파수,KOSDAQ
37030,파워넷,파워넷,KOSDAQ
47310,파워로직스,파워로직스,KOSDAQ
266870,파워풀엑스,파워풀엑스,KONEX
368770,파이버프로,파이버프로,KOSDAQ
170790,파이오링크,파이오링크,KOSDAQ
49120,파인디앤씨,파인디앤씨,KOSDAQ
38950,파인디지털,파인디지털,KOSDAQ
106240,파인테크닉스,파인테크닉스,KOSDAQ
131760,파인텍,파인텍,KOSDAQ
65690,파커스,파커스,KOSDAQ
140860,파크시스템스,파크시스템스,KOSDAQ
91700,파트론,파트론,KOSDAQ
202960,판도라티비,판도라티비,KONEX
32800,판타지오,판타지오,KOSDAQ
318010,팜스빌,팜스빌,KOSDAQ
36580,팜스코보통주,팜스코,KOSPI
27710,팜스토리,팜스토리,KOSDAQ
4720,팜젠사이언스보통주,팜젠사이언스,KOSPI
225590,패션플랫폼,패션플랫폼,KOSDAQ
54300,팬스타엔터프라이즈,팬스타엔터프라이즈,KOSDAQ
68050,팬엔터테인먼트,팬엔터테인먼트,KOSDAQ
28670,팬오션보통주,팬오션,KOSPI
222110,팬젠,팬젠,KOSDAQ
10820,퍼스텍보통주,퍼스텍,KOSPI
16800,퍼시스보통주,퍼시스,KOSPI
263750,펄어비스,펄어비스,KOSDAQ
251970,펌텍코리아,펌텍코리아,KOSDAQ
1020,페이퍼코리아보통주,페이퍼코리아,KOSPI
327610,펨토바이오메드,펨토바이오메드,KONEX
87010,펩트론,펩트론,KOSDAQ
90080,평화산업 주식회사 보통주,평화산업,KOSPI
10770,평화홀딩스보통주,평화홀딩스,KOSPI
119500,포메탈,포메탈,KOSDAQ
389140,포바이포,포바이포,KOSDAQ
58430,포스코스틸리온보통주,포스코스틸리온,KOSPI
22100,포스코아이씨티,포스코 ICT,KOSDAQ
47050,포스코인터내셔널보통주,포스코인터내셔널,KOSPI
3670,포스코케미칼보통주,포스코케미칼,KOSPI
5490,포스코홀딩스보통주,POSCO홀딩스,KOSPI
189690,포시에스,포시에스,KOSDAQ
318020,포인트모바일,포인트모바일,KOSDAQ
256630,포인트엔지니어링,포인트엔지니어링,KOSDAQ
331380,포커스에이치엔에스,포커스에이치엔에스,KOSDAQ
234100,폴라리스세원,폴라리스세원,KOSDAQ
41020,폴라리스오피스,폴라리스오피스,KOSDAQ
114630,폴라리스우노,폴라리스우노,KOSDAQ
290720,푸드나무,푸드나무,KOSDAQ
5670,푸드웰,푸드웰,KOSDAQ
94940,푸른기술,푸른기술,KOSDAQ
7330,푸른상호저축은행,푸른저축은행,KOSDAQ
17810,풀무원보통주,풀무원,KOSPI
93380,풍강,풍강,KOSDAQ
23900,풍국주정공업,풍국주정,KOSDAQ
103140,풍산 보통주,풍산,KOSPI
5810,풍산홀딩스보통주,풍산홀딩스,KOSPI
371950,풍원정밀,풍원정밀,KOSDAQ
370090,퓨런티어,퓨런티어,KOSDAQ
220100,퓨쳐켐,퓨쳐켐,KOSDAQ
35200,프럼파스트,프럼파스트,KOSDAQ
334970,프레스티지바이오로직스,프레스티지바이오로직스,KOSDAQ
950210,프레스티지바이오파마KDR,프레스티지바이오파마,KOSPI
203690,프로스테믹스,프로스테믹스,KOSDAQ
321260,프로이천,프로이천,KOSDAQ
303360,프로테옴텍,프로테옴텍,KONEX
53610,프로텍,프로텍,KOSDAQ
377220,프롬바이오,프롬바이오,KOSDAQ
335810,프리시젼바이오,프리시젼바이오,KOSDAQ
53160,프리엠스,프리엠스,KOSDAQ
41590,플래스크,플래스크,KOSDAQ
367000,플래티어,플래티어,KOSDAQ
75130,플랜티넷,플랜티넷,KOSDAQ
222670,플럼라인생명과학,플럼라인생명과학,KONEX
9810,플레이그램보통주,플레이그램,KOSPI
237820,플레이디,플레이디,KOSDAQ
23770,플레이위드,플레이위드,KOSDAQ
300080,플리토,플리토,KOSDAQ
150440,피노텍,피노텍,KONEX
32580,피델릭스,피델릭스,KOSDAQ
51380,피씨디렉트,피씨디렉트,KOSDAQ
241820,피씨엘,피씨엘,KOSDAQ
178920,피아이첨단소재보통주,PI첨단소재,KOSPI
237750,피앤씨테크,피앤씨테크,KOSDAQ
24850,피에스엠씨,피에스엠씨,KOSDAQ
319660,피에스케이,피에스케이,KOSDAQ
31980,피에스케이홀딩스,피에스케이홀딩스,KOSDAQ
2230,피에스텍,피에스텍,KOSDAQ
57880,피에이치씨,피에이치씨,KOSDAQ
43370,피에이치에이,피에이치에이,KOSDAQ
242350,피엔아이컴퍼니,피엔아이컴퍼니,KONEX
239890,피엔에이치테크,피엔에이치테크,KOSDAQ
347740,피엔케이피부임상연구센타,피엔케이피부임상연구센타,KOSDAQ
137400,피엔티,피엔티,KOSDAQ
24940,피엔풍년,PN풍년,KOSDAQ
128660,피제이메탈,피제이메탈,KOSDAQ
6140,피제이전자,피제이전자,KOSDAQ
376180,피코그램,피코그램,KOSDAQ
304840,피플바이오,피플바이오,KOSDAQ
62970,피피아이,피피아이,KOSDAQ
87600,픽셀플러스,픽셀플러스,KOSDAQ
161580,필옵틱스,필옵틱스,KOSDAQ
347770,핌스,핌스,KOSDAQ
163730,핑거,핑거,KOSDAQ
332710,하나금융14호기업인수목적,하나금융14호스팩,KOSDAQ
341160,하나금융15호기업인수목적,하나금융15호스팩,KOSDAQ
343510,하나금융16호기업인수목적,하나금융16호스팩,KOSDAQ
388220,하나금융19호기업인수목적,하나금융19호스팩,KOSDAQ
400560,하나금융20호기업인수목적,하나금융20호스팩,KOSDAQ
406760,하나금융21호기업인수목적,하나금융21호스팩,KOSDAQ
418170,하나금융22호기업인수목적,하나금융22호스팩,KOSDAQ
86790,하나금융지주보통주,하나금융지주,KOSPI
299030,하나기술,하나기술,KOSDAQ
67310,하나마이크론,하나마이크론,KOSDAQ
372290,하나머스트7호기업인수목적,하나머스트7호스팩,KOSDAQ
166090,하나머티리얼즈,하나머티리얼즈,KOSDAQ
293480,하나제약보통주,하나제약,KOSPI
39130,하나투어보통주,하나투어,KOSPI
136480,하림,하림,KOSDAQ
3380,하림지주,하림지주,KOSDAQ
365590,하이딥,하이딥,KOSDAQ
149980,하이로닉,하이로닉,KOSDAQ
13030,하이록코리아,하이록코리아,KOSDAQ
352820,하이브보통주,하이브,KOSPI
126700,하이비젼시스템,하이비젼시스템,KOSDAQ
106080,하이소닉,하이소닉,KOSDAQ
71090,하이스틸 보통주,하이스틸,KOSPI
340120,하이제5호기업인수목적,하이제5호스팩,KOSDAQ
377400,하이제6호기업인수목적,하이제6호스팩,KOSDAQ
400840,하이제7호기업인수목적,하이제7호스팩,KOSDAQ
221840,하이즈항공,하이즈항공,KOSDAQ
106190,하이텍팜,하이텍팜,KOSDAQ
19490,하이트론씨스템즈보통주,하이트론,KOSPI
87,하이트진로2우선주(신형),하이트진로2우B,KOSPI
80,하이트진로보통주,하이트진로,KOSPI
145,하이트진로홀딩스1우선주,하이트진로홀딩스우,KOSPI
140,하이트진로홀딩스보통주,하이트진로홀딩스,KOSPI
373200,하인크코리아,하인크코리아,KOSDAQ
66130,하츠,하츠,KOSDAQ
4590,한국가구,한국가구,KOSDAQ
36460,한국가스공사보통주,한국가스공사,KOSPI
39340,한국경제티브이,한국경제TV,KOSDAQ
5430,한국공항보통주,한국공항,KOSPI
34950,한국기업평가,한국기업평가,KOSDAQ
10040,한국내화보통주,한국내화,KOSPI
25540,한국단자공업보통주,한국단자,KOSPI
222980,한국맥널티,한국맥널티,KOSDAQ
331660,한국미라클피플사,한국미라클피플사,KONEX
96300,한국베트남부동산개발특별자산1호투자회사,베트남개발1,KOSPI
256840,한국비엔씨,한국비엔씨,KOSDAQ
4090,한국석유공업보통주,한국석유,KOSPI
25550,한국선재,한국선재,KOSDAQ
2200,한국수출포장공업보통주,한국수출포장,KOSPI
2960,한국쉘석유보통주,한국쉘석유,KOSPI
17890,한국알콜산업,한국알콜,KOSDAQ
240,한국앤컴퍼니보통주,한국앤컴퍼니,KOSPI
33270,한국유나이티드제약 보통주,유나이티드제약,KOSPI
80720,한국유니온제약,한국유니온제약,KOSDAQ
123890,한국자산신탁보통주,한국자산신탁,KOSPI
15760,한국전력공사보통주,한국전력,KOSPI
52690,한국전력기술 보통주,한전기술,KOSPI
63570,한국전자금융,한국전자금융,KOSDAQ
41460,한국전자인증,한국전자인증,KOSDAQ
6200,한국전자홀딩스보통주,한국전자홀딩스,KOSPI
101680,한국정밀기계,한국정밀기계,KOSDAQ
39740,한국정보공학,한국정보공학,KOSDAQ
53300,한국정보인증,한국정보인증,KOSDAQ
25770,한국정보통신,한국정보통신,KOSDAQ
409570,한국제10호기업인수목적 주식회사,한국제10호스팩,KOSDAQ
9540,한국조선해양보통주,한국조선해양,KOSPI
23350,한국종합기술보통주,한국종합기술,KOSPI
25890,한국주강보통주,한국주강,KOSPI
970,한국주철관공업보통주,한국주철관,KOSPI
104700,한국철강보통주,한국철강,KOSPI
17960,한국카본보통주,한국카본,KOSPI
23760,한국캐피탈,한국캐피탈,KOSDAQ
54040,한국컴퓨터,한국컴퓨터,KOSDAQ
50540,한국코퍼레이션,한국코퍼레이션,KOSDAQ
161890,한국콜마보통주,한국콜마,KOSPI
24720,한국콜마홀딩스보통주,한국콜마홀딩스,KOSPI
21650,한국큐빅,한국큐빅,KOSDAQ
161390,한국타이어앤테크놀로지보통주,한국타이어앤테크놀로지,KOSPI
53590,한국테크놀로지,한국테크놀로지,KOSDAQ
34830,한국토지신탁보통주,한국토지신탁,KOSPI
152550,한국투자ANKOR유전해외자원개발특별자산투자회사1호(지분증권),한국ANKOR유전,KOSPI
168490,한국투자Parallel유전해외자원개발특별자산투자회사1호,한국패러랠,KOSPI
71055,한국투자금융지주1우선주,한국금융지주우,KOSPI
71050,한국투자금융지주보통주,한국금융지주,KOSPI
7280,한국특강보통주,한국특강,KOSPI
32300,한국파마,한국파마,KOSDAQ
37230,한국팩키지,한국팩키지,KOSDAQ
10100,한국프랜지공업보통주,한국프랜지,KOSPI
47810,한국항공우주산업보통주,한국항공우주,KOSPI
123690,한국화장품보통주,한국화장품,KOSPI
3350,한국화장품제조보통주,한국화장품제조,KOSPI
30520,한글과컴퓨터,한글과컴퓨터,KOSDAQ
52600,한네트,한네트,KOSDAQ
11500,한농화성보통주,한농화성,KOSPI
2390,한독보통주,한독,KOSPI
256150,한독크린텍,한독크린텍,KOSDAQ
14790,한라보통주,한라,KOSPI
92460,한라아이엠에스,한라IMS,KOSDAQ
60980,한라홀딩스보통주,한라홀딩스,KOSPI
53690,한미글로벌건축사사무소보통주,한미글로벌,KOSPI
42700,한미반도체보통주,한미반도체,KOSPI
8930,한미사이언스보통주,한미사이언스,KOSPI
128940,한미약품보통주,한미약품,KOSPI
47080,한빛소프트,한빛소프트,KOSDAQ
9240,한샘보통주,한샘,KOSPI
20000,한섬보통주,한섬,KOSPI
3680,한성기업보통주,한성기업,KOSPI
105630,한세실업보통주,한세실업,KOSPI
69640,한세엠케이보통주,한세엠케이,KOSPI
16450,한세예스24홀딩스보통주,한세예스24홀딩스,KOSPI
10420,한솔PNS보통주,한솔PNS,KOSPI
9180,한솔로지스틱스보통주,한솔로지스틱스,KOSPI
70590,한솔인티큐브,한솔인티큐브,KOSDAQ
213500,한솔제지보통주,한솔제지,KOSPI
14680,한솔케미칼보통주,한솔케미칼,KOSPI
4710,한솔테크닉스보통주,한솔테크닉스,KOSPI
4150,한솔홀딩스보통주,한솔홀딩스,KOSPI
25750,한솔홈데코보통주,한솔홈데코,KOSPI
226440,한송네오텍,한송네오텍,KOSDAQ
42520,한스바이오메드,한스바이오메드,KOSDAQ
4960,한신공영보통주,한신공영,KOSPI
11700,한신기계공업보통주,한신기계,KOSPI
78350,한양디지텍,한양디지텍,KOSDAQ
45100,한양이엔지,한양이엔지,KOSDAQ
1755,한양증권1우선주,한양증권우,KOSPI
1750,한양증권보통주,한양증권,KOSPI
18880,한온시스템보통주,한온시스템,KOSPI
9420,한올바이오파마보통주,한올바이오파마,KOSPI
14130,한익스프레스보통주,한익스프레스,KOSPI
46110,한일네트웍스,한일네트웍스,KOSDAQ
24740,한일단조공업,한일단조,KOSDAQ
5860,한일사료,한일사료,KOSDAQ
300720,한일시멘트보통주,한일시멘트,KOSPI
123840,한일진공,한일진공,KOSDAQ
2220,한일철강보통주,한일철강,KOSPI
6390,한일현대시멘트보통주,한일현대시멘트,KOSPI
3300,한일홀딩스보통주,한일홀딩스,KOSPI
7770,한일화학공업,한일화학,KOSDAQ
51600,한전KPS 보통주,한전KPS,KOSPI
130660,한전산업개발보통주,한전산업,KOSPI
107640,한중엔시에스,한중엔시에스,KONEX
2320,한진보통주,한진,KOSPI
3480,한진중공업홀딩스보통주,한진중공업홀딩스,KOSPI
18064K,한진칼1우선주,한진칼우,KOSPI
180640,한진칼보통주,한진칼,KOSPI
43090,한창바이오텍,한창바이오텍,KOSDAQ
5110,한창보통주,한창,KOSPI
79170,한창산업,한창산업,KOSDAQ
9460,한창제지보통주,한창제지,KOSPI
86960,한컴MDS,한컴MDS,KOSDAQ
372910,한컴라이프케어보통주,한컴라이프케어,KOSPI
54920,한컴위드,한컴위드,KOSDAQ
2680,한탑,한탑,KOSDAQ
885,한화1우선주,한화우,KOSPI
00088K,한화3우선주(신형),한화3우B,KOSPI
880,한화보통주,한화,KOSPI
88350,한화생명보험보통주,한화생명,KOSPI
370,한화손해보험보통주,한화손해보험,KOSPI
9835,한화솔루션1우선주,한화솔루션우,KOSPI
9830,한화솔루션보통주,한화솔루션,KOSPI
272210,한화시스템보통주,한화시스템,KOSPI
12450,한화에어로스페이스보통주,한화에어로스페이스,KOSPI
3535,한화투자증권1우선주,한화투자증권우,KOSPI
3530,한화투자증권보통주,한화투자증권,KOSPI
386580,한화플러스제2호기업인수목적,한화플러스제2호스팩,KOSDAQ
195870,해성디에스보통주,해성디에스,KOSPI
34810,해성산업,해성산업,KOSDAQ
03481K,해성산업1우선주,해성산업1우,KOSDAQ
76610,해성옵틱스,해성옵틱스,KOSDAQ
59270,해성티피씨,해성티피씨,KOSDAQ
101530,해태제과식품주식회사,해태제과식품,KOSPI
220180,핸디소프트,핸디소프트,KOSDAQ
143210,핸즈코퍼레이션보통주,핸즈코퍼레이션,KOSPI
900270,헝셩그룹유한회사,헝셩그룹,KOSDAQ
84990,헬릭스미스,헬릭스미스,KOSDAQ
725,현대건설1우선주,현대건설우,KOSPI
267270,현대건설기계보통주,현대건설기계,KOSPI
720,현대건설보통주,현대건설,KOSPI
170030,현대공업,현대공업,KOSDAQ
5440,현대그린푸드보통주,현대그린푸드,KOSPI
86280,현대글로비스보통주,현대글로비스,KOSPI
42670,현대두산인프라코어보통주,현대두산인프라코어,KOSPI
64350,현대로템보통주,현대로템,KOSPI
79430,현대리바트보통주,현대리바트,KOSPI
12330,현대모비스보통주,현대모비스,KOSPI
319400,현대무벡스,현대무벡스,KOSDAQ
10620,현대미포조선보통주,현대미포조선,KOSPI
52260,현대바이오랜드,현대바이오랜드,KOSDAQ
48410,현대바이오사이언스,현대바이오,KOSDAQ
69960,현대백화점보통주,현대백화점,KOSPI
4565,현대비앤지스틸1우선주,현대비앤지스틸우,KOSPI
4560,현대비앤지스틸보통주,현대비앤지스틸,KOSPI
16790,현대사료,현대사료,KOSDAQ
4310,현대약품보통주,현대약품,KOSPI
322000,현대에너지솔루션보통주,현대에너지솔루션,KOSPI
41440,현대에버다임,현대에버다임,KOSDAQ
39010,현대에이치티,현대에이치티,KOSDAQ
17800,현대엘리베이터보통주,현대엘리베이,KOSPI
307950,현대오토에버보통주,현대오토에버,KOSPI
11210,현대위아보통주,현대위아,KOSPI
90850,현대이지웰,현대이지웰,KOSDAQ
267260,현대일렉트릭보통주,현대일렉트릭,KOSPI
5385,현대자동차1우선주,현대차우,KOSPI
5387,현대자동차2우선주(신형),현대차2우B,KOSPI
5389,현대자동차3우선주(신형),현대차3우B,KOSPI
5380,현대자동차보통주,현대차,KOSPI
4020,현대제철 보통주,현대제철,KOSPI
329180,현대중공업보통주,현대중공업,KOSPI
1500,현대차증권보통주,현대차증권,KOSPI
11760,현대코퍼레이션보통주,현대코퍼레이션,KOSPI
227840,현대코퍼레이션홀딩스보통주,현대코퍼레이션홀딩스,KOSPI
126560,현대퓨처넷보통주,현대퓨처넷,KOSPI
1450,현대해상화재보험보통주,현대해상,KOSPI
57050,현대홈쇼핑보통주,현대홈쇼핑,KOSPI
92300,현우산업,현우산업,KOSDAQ
138360,협진,협진,KOSDAQ
11080,형지아이앤씨,형지I&C,KOSDAQ
93240,형지엘리트보통주,형지엘리트,KOSPI
3010,혜인보통주,혜인,KOSPI
111110,호전실업보통주,호전실업,KOSPI
8775,호텔신라1우선주,호텔신라우,KOSPI
8770,호텔신라보통주,호텔신라,KOSPI
60560,홈센타홀딩스,홈센타홀딩스,KOSDAQ
64240,홈캐스트,홈캐스트,KOSDAQ
39610,화성밸브,화성밸브,KOSDAQ
2460,화성산업보통주,화성산업,KOSPI
378850,화승알앤에이보통주,화승알앤에이,KOSPI
241590,화승엔터프라이즈보통주,화승엔터프라이즈,KOSPI
6060,화승인더스트리보통주,화승인더,KOSPI
13520,화승코퍼레이션보통주,화승코퍼레이션,KOSPI
10690,화신보통주,화신,KOSPI
126640,화신정공,화신정공,KOSDAQ
133820,화인베스틸보통주,화인베스틸,KOSPI
61250,화일약품,화일약품,KOSDAQ
10660,화천기계보통주,화천기계,KOSPI
850,화천기공보통주,화천기공,KOSPI
16580,환인제약보통주,환인제약,KOSPI
32560,황금에스티보통주,황금에스티,KOSPI
4800,효성보통주,효성,KOSPI
94280,효성아이티엑스 보통주,효성ITX,KOSPI
97870,효성오앤비,효성오앤비,KOSDAQ
298040,효성중공업보통주,효성중공업,KOSPI
298050,효성첨단소재보통주,효성첨단소재,KOSPI
298020,효성티앤씨보통주,효성티앤씨,KOSPI
298000,효성화학보통주,효성화학,KOSPI
93370,후성 보통주,후성,KOSPI
81660,휠라홀딩스보통주,휠라홀딩스,KOSPI
290270,휴네시온,휴네시온,KOSDAQ
5870,휴니드테크놀러지스보통주,휴니드,KOSPI
353190,휴럼,휴럼,KOSDAQ
90710,휴림로봇,휴림로봇,KOSDAQ
205470,휴마시스,휴마시스,KOSDAQ
115160,휴맥스,휴맥스,KOSDAQ
28080,휴맥스홀딩스,휴맥스홀딩스,KOSDAQ
32860,휴먼엔,휴먼엔,KOSDAQ
200670,휴메딕스,휴메딕스,KOSDAQ
212310,휴벡셀,휴벡셀,KONEX
79980,휴비스보통주,휴비스,KOSPI
65510,휴비츠,휴비츠,KOSDAQ
215090,휴센텍,휴센텍,KOSDAQ
5010,휴스틸보통주,휴스틸,KOSPI
263920,휴엠앤씨,휴엠앤씨,KOSDAQ
243070,휴온스,휴온스,KOSDAQ
84110,휴온스글로벌,휴온스글로벌,KOSDAQ
145020,휴젤,휴젤,KOSDAQ
24060,흥구석유,흥구석유,KOSDAQ
10240,흥국,흥국,KOSDAQ
189980,흥국에프엔비,흥국에프엔비,KOSDAQ
545,흥국화재해상보험1우선주,흥국화재우,KOSPI
547,흥국화재해상보험2우선주(신형),흥국화재2우B,KOSPI
540,흥국화재해상보험보통주,흥국화재,KOSPI
3280,흥아해운보통주,흥아해운,KOSPI
37440,희림종합건축사사무소,희림,KOSDAQ
238490,힘스,힘스,KOSDAQ
